t,ID,i_E,i_S,i_C,o_oil,o_des,o_undes
1,1,171,51,33,5155,118929,299
1,2,144,53,26,3877,134365,225
1,3,135,58,23,4813,145445,279
1,4,151,58,32,6031,137168,349
1,5,62,67,22,6895,122628,399
1,6,102,80,27,4505,111985,261
1,7,78,78,23,8254,100567,478
1,8,110,59,24,3246,145691,188
1,9,181,34,19,3684,95684,214
1,10,116,55,14,7121,134286,412
1,11,90,58,26,4769,118923,276
1,12,163,32,18,5397,138136,313
1,13,80,42,32,6959,105551,403
1,14,73,60,23,3370,119291,195
1,15,150,89,25,6088,138815,353
1,16,86,67,16,5610,113801,325
1,17,107,55,21,3564,147630,207
1,18,153,54,24,3035,134556,176
1,19,110,43,29,4291,133273,249
1,20,115,61,32,6055,149907,351
1,21,57,53,19,3315,121958,192
1,22,162,27,17,6395,148593,370
1,23,141,61,31,7535,129983,436
1,24,104,36,21,4048,112021,235
1,25,129,54,26,6169,140496,357
1,26,66,32,22,6145,136926,356
1,27,175,61,34,3837,116356,222
1,28,154,75,13,6584,143337,381
2,1,170,51,33,5104,117740,296
2,2,143,53,26,3839,133022,223
2,3,134,58,23,4765,143991,276
2,4,150,58,32,5971,135797,346
2,5,62,67,22,6826,121402,395
2,6,101,80,27,4460,110866,259
2,7,78,78,23,8171,99562,473
2,8,109,59,24,3213,144235,186
2,9,180,34,19,3647,94728,211
2,10,115,55,14,7050,132944,408
2,11,90,58,26,4721,117734,274
2,12,162,32,18,5343,136755,310
2,13,80,42,32,6890,104496,399
2,14,73,60,23,3337,118099,194
2,15,149,89,25,6027,137427,349
2,16,86,67,16,5554,112663,322
2,17,106,55,21,3528,146154,205
2,18,152,54,24,3005,133211,174
2,19,109,43,29,4248,131941,246
2,20,114,61,32,5995,148408,347
2,21,57,53,19,3282,120739,190
2,22,161,27,17,6331,147108,367
2,23,140,61,31,7460,128684,432
2,24,103,36,21,4007,110901,232
2,25,128,54,26,6107,139092,354
2,26,66,32,22,6083,135557,352
2,27,174,61,34,3799,115193,220
2,28,153,75,13,6518,141904,378
3,1,168,50,33,5053,116563,293
3,2,142,52,26,3800,131692,220
3,3,133,57,23,4717,142551,273
3,4,148,57,32,5911,134439,342
3,5,61,66,22,6758,120188,391
3,6,100,79,27,4416,109757,256
3,7,77,77,23,8090,98566,468
3,8,108,58,24,3181,142792,185
3,9,178,34,19,3610,93780,209
3,10,114,54,14,6980,131614,404
3,11,89,57,26,4674,116557,271
3,12,160,32,18,5290,135388,306
3,13,79,42,32,6821,103451,395
3,14,72,59,23,3303,116918,192
3,15,148,88,25,5967,136053,346
3,16,85,66,16,5498,111537,319
3,17,105,54,21,3493,144693,203
3,18,150,53,24,2975,131879,173
3,19,108,43,29,4206,130621,244
3,20,113,60,32,5935,146924,344
3,21,56,52,19,3249,119532,188
3,22,159,27,17,6268,145636,363
3,23,139,60,31,7385,127397,428
3,24,102,36,21,3967,109792,230
3,25,127,53,26,6046,137701,350
3,26,65,32,22,6023,134202,349
3,27,172,60,34,3761,114041,218
3,28,151,74,13,6453,140485,374
4,1,165,49,32,4951,114232,287
4,2,139,51,25,3724,129058,216
4,3,130,56,23,4623,139700,268
4,4,146,56,31,5793,131750,336
4,5,60,65,22,6623,117784,384
4,6,98,77,26,4327,107562,251
4,7,75,75,23,7928,96595,459
4,8,106,57,24,3118,139936,181
4,9,174,33,19,3538,91905,205
4,10,112,53,14,6840,128982,396
4,11,87,56,25,4581,114226,265
4,12,157,31,18,5184,132680,300
4,13,77,41,31,6684,101382,387
4,14,71,58,23,3237,114579,188
4,15,145,86,25,5848,133332,339
4,16,83,65,16,5388,109306,312
4,17,103,53,21,3423,141799,199
4,18,147,52,24,2915,129241,169
4,19,106,42,28,4122,128009,239
4,20,111,59,31,5816,143986,337
4,21,55,51,19,3184,117141,185
4,22,156,26,17,6143,142724,356
4,23,136,59,30,7238,124849,419
4,24,100,35,21,3888,107596,225
4,25,124,52,25,5925,134947,343
4,26,64,31,22,5902,131518,342
4,27,169,59,33,3686,111760,214
4,28,148,73,13,6324,137675,366
5,1,168,50,33,5052,116551,293
5,2,142,52,26,3800,131678,220
5,3,133,57,23,4716,142537,273
5,4,148,57,32,5911,134425,342
5,5,61,66,22,6757,120176,391
5,6,100,79,27,4415,109746,256
5,7,77,77,23,8089,98556,468
5,8,108,58,24,3181,142778,184
5,9,178,34,19,3610,93771,209
5,10,114,54,14,6979,131601,404
5,11,89,57,26,4674,116545,271
5,12,160,32,18,5289,135374,306
5,13,79,42,32,6820,103440,395
5,14,72,59,23,3303,116906,192
5,15,147,88,25,5966,136039,346
5,16,85,66,16,5498,111525,319
5,17,105,54,21,3493,144678,203
5,18,150,53,24,2974,131865,173
5,19,108,43,29,4205,130608,244
5,20,113,60,32,5934,146909,344
5,21,56,52,19,3248,119519,188
5,22,159,27,17,6267,145622,363
5,23,139,60,31,7384,127384,428
5,24,102,36,21,3967,109781,230
5,25,127,53,26,6046,137687,350
5,26,65,32,22,6022,134188,349
5,27,172,60,34,3761,114029,218
5,28,151,74,13,6452,140471,374
6,1,163,49,32,4900,113054,284
6,2,137,51,25,3686,127728,214
6,3,129,56,22,4575,138261,265
6,4,144,56,31,5733,130392,332
6,5,59,64,21,6554,116571,380
6,6,97,77,26,4283,106453,248
6,7,75,75,22,7846,95599,454
6,8,105,57,23,3085,138494,179
6,9,173,33,19,3502,90958,203
6,10,111,53,14,6770,127653,392
6,11,86,56,25,4534,113049,263
6,12,155,31,18,5131,131313,297
6,13,77,40,31,6615,100337,383
6,14,70,58,22,3204,113399,186
6,15,143,85,24,5787,131958,335
6,16,82,64,16,5333,108180,309
6,17,102,53,20,3388,140338,196
6,18,146,52,23,2885,127909,167
6,19,105,41,28,4079,126690,236
6,20,110,58,31,5756,142502,333
6,21,55,51,19,3151,115934,183
6,22,154,26,17,6079,141253,352
6,23,135,58,30,7163,123562,415
6,24,99,35,20,3848,106488,223
6,25,123,52,25,5864,133556,340
6,26,63,31,21,5841,130162,338
6,27,167,58,33,3648,110609,212
6,28,147,72,13,6259,136257,363
7,1,161,48,32,4851,111924,281
7,2,136,50,25,3649,126451,212
7,3,128,55,22,4529,136878,262
7,4,143,55,31,5676,129088,329
7,5,59,64,21,6489,115405,376
7,6,96,76,26,4240,105389,246
7,7,74,74,22,7768,94644,450
7,8,104,56,23,3055,137109,177
7,9,171,32,18,3467,90048,201
7,10,110,52,14,6702,126376,388
7,11,85,55,25,4488,111918,260
7,12,154,31,17,5079,129999,294
7,13,76,40,31,6549,99334,379
7,14,69,57,22,3172,112265,184
7,15,142,84,24,5729,130638,332
7,16,81,64,16,5280,107098,306
7,17,101,52,20,3354,138934,195
7,18,144,51,23,2856,126630,166
7,19,104,41,28,4038,125423,234
7,20,109,58,31,5699,141077,330
7,21,54,50,18,3119,114774,181
7,22,153,26,16,6019,139840,349
7,23,133,58,30,7091,122327,411
7,24,98,34,20,3810,105423,221
7,25,122,51,25,5806,132220,336
7,26,63,31,21,5783,128861,335
7,27,165,58,32,3611,109502,209
7,28,145,71,13,6196,134894,359
8,1,160,48,31,4803,110805,278
8,2,135,50,25,3612,125186,209
8,3,126,55,22,4484,135509,260
8,4,141,55,30,5619,127798,326
8,5,58,63,21,6424,114251,372
8,6,96,75,26,4198,104335,243
8,7,73,73,22,7690,93697,445
8,8,103,55,23,3024,135738,175
8,9,169,32,18,3432,89148,199
8,10,109,52,14,6635,125112,384
8,11,84,55,25,4443,110799,258
8,12,152,30,17,5028,128699,291
8,13,75,40,30,6484,98341,376
8,14,69,56,22,3140,111142,182
8,15,140,83,24,5672,129332,329
8,16,81,63,15,5227,106027,303
8,17,100,52,20,3321,137545,193
8,18,143,51,23,2828,125364,164
8,19,103,41,28,3998,124169,232
8,20,108,57,30,5642,139666,327
8,21,54,50,18,3088,113627,179
8,22,151,26,16,5958,138442,345
8,23,132,57,29,7020,121103,407
8,24,97,34,20,3771,104369,219
8,25,121,51,25,5748,130898,333
8,26,62,30,21,5725,127572,332
8,27,164,57,32,3575,108407,207
8,28,144,70,13,6134,133545,355
9,1,158,48,31,4755,109697,276
9,2,133,49,24,3576,123934,207
9,3,125,54,22,4439,134154,257
9,4,140,54,30,5563,126520,322
9,5,58,62,21,6360,113108,368
9,6,95,74,25,4156,103292,241
9,7,72,72,22,7613,92760,441
9,8,102,55,23,2994,134381,174
9,9,167,32,18,3398,88256,197
9,10,107,51,13,6569,123861,380
9,11,84,54,24,4399,109691,255
9,12,151,30,17,4978,127412,288
9,13,74,39,30,6419,97357,372
9,14,68,56,22,3109,110030,180
9,15,139,83,24,5615,128039,325
9,16,80,62,15,5175,104967,300
9,17,99,51,20,3287,136169,191
9,18,142,50,23,2800,124110,162
9,19,102,40,27,3958,122927,229
9,20,107,57,30,5585,138270,324
9,21,53,49,18,3057,112490,177
9,22,150,25,16,5899,137058,342
9,23,131,57,29,6950,119892,403
9,24,96,34,20,3734,103325,216
9,25,119,50,24,5690,129589,330
9,26,61,30,21,5668,126296,328
9,27,162,57,32,3540,107323,205
9,28,143,70,12,6073,132210,352
10,1,155,47,30,4660,107503,270
10,2,131,48,24,3505,121456,203
10,3,123,53,21,4350,131471,252
10,4,137,53,29,5452,123989,316
10,5,57,61,20,6233,110846,361
10,6,93,73,25,4073,101226,236
10,7,71,71,21,7461,90905,432
10,8,100,54,22,2934,131693,170
10,9,164,31,18,3330,86491,193
10,10,105,50,13,6437,121384,373
10,11,82,53,24,4311,107497,250
10,12,148,29,17,4879,124864,283
10,13,73,38,29,6291,95410,364
10,14,66,55,21,3047,107830,177
10,15,136,81,23,5503,125478,319
10,16,78,61,15,5071,102867,294
10,17,97,50,19,3222,133446,187
10,18,139,49,22,2744,121628,159
10,19,100,39,27,3879,120468,225
10,20,104,56,29,5474,135504,317
10,21,52,48,18,2996,110241,174
10,22,147,25,16,5781,134317,335
10,23,128,56,29,6811,117495,395
10,24,95,33,19,3659,101258,212
10,25,117,49,24,5576,126997,323
10,26,60,29,20,5555,123770,322
10,27,159,56,31,3469,105177,201
10,28,140,68,12,5952,129566,345
11,1,154,46,30,4613,106428,267
11,2,129,48,24,3470,120241,201
11,3,121,52,21,4307,130156,250
11,4,136,52,29,5397,122749,313
11,5,56,60,20,6170,109738,357
11,6,92,72,25,4032,100214,234
11,7,70,70,21,7386,89996,428
11,8,99,53,22,2905,130376,169
11,9,162,31,18,3297,85626,191
11,10,104,50,13,6373,120170,369
11,11,81,52,24,4268,106422,247
11,12,146,29,17,4830,123616,280
11,13,72,38,29,6228,94456,361
11,14,66,54,21,3016,106752,175
11,15,135,80,23,5448,124223,316
11,16,77,60,15,5020,101839,291
11,17,96,50,19,3189,132112,185
11,18,137,49,22,2716,120412,158
11,19,99,39,26,3840,119264,223
11,20,103,55,29,5419,134149,314
11,21,52,48,18,2966,109138,172
11,22,145,25,16,5723,132973,332
11,23,127,55,28,6743,116320,391
11,24,94,33,19,3622,100246,210
11,25,116,49,24,5521,125728,320
11,26,60,29,20,5499,122533,319
11,27,157,55,31,3434,104125,199
11,28,138,68,12,5892,128270,341
12,1,152,46,30,4567,105363,265
12,2,128,47,24,3435,119039,199
12,3,120,52,21,4264,128855,247
12,4,134,52,29,5343,121522,310
12,5,55,60,20,6109,108640,354
12,6,91,71,24,3991,99211,231
12,7,70,70,21,7312,89096,424
12,8,98,53,22,2876,129073,167
12,9,161,31,17,3264,84770,189
12,10,103,49,13,6309,118969,365
12,11,80,52,24,4225,105358,245
12,12,145,29,16,4782,122379,277
12,13,71,38,29,6165,93511,357
12,14,65,54,21,2986,105684,173
12,15,133,79,23,5394,122981,312
12,16,77,60,15,4970,100820,288
12,17,95,49,19,3157,130790,183
12,18,136,48,22,2689,119208,156
12,19,98,39,26,3802,118071,220
12,20,102,55,29,5365,132808,311
12,21,51,47,17,2937,108047,170
12,22,144,24,16,5666,131644,328
12,23,125,55,28,6676,115156,387
12,24,93,32,19,3586,99243,208
12,25,115,48,24,5465,124470,317
12,26,59,29,20,5444,121307,315
12,27,156,55,31,3400,103084,197
12,28,137,67,12,5833,126987,338
13,1,165,49,32,4949,114172,287
13,2,139,51,25,3722,128991,216
13,3,130,56,23,4620,139628,268
13,4,145,56,31,5790,131682,335
13,5,60,65,22,6619,117723,383
13,6,98,77,26,4325,107506,251
13,7,75,75,23,7924,96545,459
13,8,106,57,24,3116,139864,181
13,9,174,33,19,3536,91857,205
13,10,112,53,14,6837,128915,396
13,11,87,56,25,4578,114167,265
13,12,157,31,18,5181,132611,300
13,13,77,41,31,6681,101329,387
13,14,71,58,23,3236,114520,188
13,15,144,86,24,5845,133263,339
13,16,83,65,16,5386,109249,312
13,17,103,53,21,3421,141725,198
13,18,147,52,24,2914,129174,169
13,19,106,42,28,4120,127943,239
13,20,111,59,31,5813,143911,337
13,21,55,51,19,3182,117080,185
13,22,156,26,17,6140,142650,356
13,23,136,59,30,7234,124784,419
13,24,100,35,21,3886,107541,225
13,25,124,52,25,5922,134877,343
13,26,64,31,22,5899,131449,342
13,27,168,59,33,3684,111702,214
13,28,148,72,13,6321,137604,366
14,1,163,49,32,4899,113031,284
14,2,137,51,25,3685,127701,214
14,3,129,56,22,4574,138231,265
14,4,144,56,31,5732,130365,332
14,5,59,64,21,6553,116546,380
14,6,97,77,26,4282,106431,248
14,7,75,75,22,7845,95579,454
14,8,105,57,23,3085,138465,179
14,9,173,33,19,3501,90939,203
14,10,111,53,14,6768,127626,392
14,11,86,56,25,4533,113025,263
14,12,155,31,18,5129,131285,297
14,13,77,40,31,6614,100316,383
14,14,70,58,22,3203,113375,186
14,15,143,85,24,5786,131930,335
14,16,82,64,16,5332,108157,309
14,17,102,53,20,3387,140308,196
14,18,146,52,23,2885,127883,167
14,19,105,41,28,4078,126663,236
14,20,110,58,31,5755,142472,333
14,21,55,51,19,3150,115909,183
14,22,154,26,17,6078,141223,352
14,23,135,58,30,7161,123536,415
14,24,99,35,20,3847,106465,223
14,25,123,52,25,5863,133528,340
14,26,63,31,21,5840,130135,338
14,27,167,58,33,3647,110585,211
14,28,147,72,13,6258,136228,362
15,1,161,48,32,4850,111900,281
15,2,136,50,25,3648,126424,212
15,3,128,55,22,4528,136849,262
15,4,143,55,31,5675,129061,329
15,5,59,64,21,6488,115381,376
15,6,96,76,26,4239,105367,246
15,7,74,74,22,7766,94624,450
15,8,104,56,23,3054,137081,177
15,9,171,32,18,3466,90029,201
15,10,110,52,14,6700,126350,388
15,11,85,55,25,4487,111895,260
15,12,154,31,17,5078,129972,294
15,13,76,40,31,6548,99313,379
15,14,69,57,22,3171,112241,184
15,15,142,84,24,5728,130611,332
15,16,81,64,16,5279,107075,306
15,17,101,52,20,3353,138905,194
15,18,144,51,23,2856,126604,166
15,19,104,41,28,4038,125397,234
15,20,109,58,31,5697,141047,330
15,21,54,50,18,3119,114750,181
15,22,153,26,16,6017,139811,349
15,23,133,58,30,7090,122301,411
15,24,98,34,20,3809,105401,221
15,25,122,51,25,5804,132193,336
15,26,63,31,21,5782,128834,335
15,27,165,58,32,3611,109479,209
15,28,145,71,13,6195,134866,359
16,1,160,48,31,4802,110781,278
16,2,135,50,25,3612,125160,209
16,3,126,55,22,4483,135481,260
16,4,141,55,30,5618,127771,325
16,5,58,63,21,6423,114227,372
16,6,96,75,26,4197,104313,243
16,7,73,73,22,7688,93677,445
16,8,103,55,23,3023,135710,175
16,9,169,32,18,3431,89129,199
16,10,109,52,14,6633,125086,384
16,11,84,55,25,4442,110776,257
16,12,152,30,17,5027,128672,291
16,13,75,40,30,6482,98320,375
16,14,68,56,22,3139,111119,182
16,15,140,83,24,5671,129305,329
16,16,81,63,15,5226,106005,303
16,17,100,52,20,3320,137516,193
16,18,143,51,23,2827,125338,164
16,19,103,41,28,3997,124143,232
16,20,108,57,30,5641,139637,327
16,21,54,50,18,3088,113603,179
16,22,151,26,16,5957,138413,345
16,23,132,57,29,7019,121078,407
16,24,97,34,20,3771,104347,219
16,25,121,51,25,5746,130871,333
16,26,62,30,21,5724,127545,332
16,27,164,57,32,3575,108385,207
16,28,144,70,13,6133,133517,355
17,1,160,48,31,4797,110671,278
17,2,134,50,25,3608,125035,209
17,3,126,54,22,4478,135345,260
17,4,141,54,30,5612,127643,325
17,5,58,63,21,6416,114113,372
17,6,95,75,26,4192,104209,243
17,7,73,73,22,7681,93584,445
17,8,103,55,23,3020,135574,175
17,9,169,32,18,3428,89040,199
17,10,108,52,14,6627,124961,384
17,11,84,54,25,4438,110665,257
17,12,152,30,17,5022,128544,291
17,13,75,40,30,6476,98222,375
17,14,68,56,22,3136,111007,182
17,15,140,83,24,5665,129176,328
17,16,81,63,15,5221,105899,302
17,17,100,52,20,3316,137378,192
17,18,143,51,23,2824,125212,164
17,19,103,41,27,3993,124018,231
17,20,108,57,30,5635,139497,326
17,21,54,50,18,3085,113489,179
17,22,151,26,16,5951,138275,345
17,23,132,57,29,7012,120957,406
17,24,97,34,20,3767,104242,218
17,25,121,51,25,5741,130740,333
17,26,62,30,21,5718,127418,331
17,27,163,57,32,3571,108276,207
17,28,144,70,13,6127,133384,355
18,1,159,48,31,4792,110560,278
18,2,134,50,25,3605,124910,209
18,3,126,54,22,4474,135210,259
18,4,141,54,30,5607,127515,325
18,5,58,63,21,6410,113999,371
18,6,95,75,26,4188,104105,243
18,7,73,73,22,7673,93490,444
18,8,103,55,23,3017,135438,175
18,9,169,32,18,3425,88951,199
18,10,108,52,14,6620,124836,383
18,11,84,54,25,4434,110554,257
18,12,152,30,17,5017,128415,291
18,13,75,40,30,6469,98123,375
18,14,68,56,22,3133,110896,182
18,15,140,83,24,5660,129046,328
18,16,80,63,15,5215,105793,302
18,17,100,52,20,3313,137241,192
18,18,143,51,23,2822,125087,164
18,19,103,40,27,3989,123894,231
18,20,107,57,30,5629,139358,326
18,21,53,50,18,3081,113376,179
18,22,151,26,16,5945,138136,344
18,23,132,57,29,7005,120836,406
18,24,97,34,20,3763,104138,218
18,25,120,51,25,5735,130609,332
18,26,62,30,21,5712,127290,331
18,27,163,57,32,3567,108168,207
18,28,144,70,13,6121,133250,355
19,1,159,48,31,4788,110449,277
19,2,134,50,25,3601,124785,209
19,3,126,54,22,4470,135075,259
19,4,141,54,30,5601,127388,325
19,5,58,63,21,6403,113885,371
19,6,95,75,26,4184,104000,243
19,7,73,73,22,7665,93397,444
19,8,103,55,23,3014,135303,175
19,9,169,32,18,3421,88862,198
19,10,108,52,14,6614,124711,383
19,11,84,54,25,4429,110444,257
19,12,152,30,17,5012,128287,290
19,13,75,40,30,6463,98025,374
19,14,68,56,22,3130,110785,182
19,15,140,83,24,5654,128917,328
19,16,80,63,15,5210,105687,302
19,17,100,52,20,3310,137104,192
19,18,143,51,23,2819,124962,164
19,19,103,40,27,3985,123771,231
19,20,107,57,30,5624,139218,326
19,21,53,50,18,3078,113262,179
19,22,151,26,16,5939,137998,344
19,23,131,57,29,6998,120715,405
19,24,97,34,20,3759,104034,218
19,25,120,51,25,5729,130478,332
19,26,62,30,21,5707,127163,331
19,27,163,57,32,3564,108060,207
19,28,144,70,13,6115,133117,354
20,1,159,48,31,4783,110339,277
20,2,134,50,25,3597,124660,209
20,3,126,54,22,4465,134940,259
20,4,141,54,30,5596,127260,324
20,5,58,63,21,6397,113771,371
20,6,95,75,26,4180,103896,242
20,7,73,73,22,7658,93303,443
20,8,103,55,23,3011,135168,175
20,9,168,32,18,3418,88773,198
20,10,108,52,13,6607,124587,383
20,11,84,54,25,4425,110333,256
20,12,152,30,17,5007,128158,290
20,13,75,39,30,6457,97927,374
20,14,68,56,22,3127,110675,181
20,15,140,83,24,5648,128788,327
20,16,80,63,15,5205,105581,302
20,17,100,52,20,3307,136967,192
20,18,142,51,23,2816,124837,163
20,19,103,40,27,3981,123647,231
20,20,107,57,30,5618,139079,325
20,21,53,50,18,3075,113149,178
20,22,151,26,16,5933,137860,344
20,23,131,57,29,6991,120594,405
20,24,97,34,20,3756,103930,218
20,25,120,51,25,5724,130348,332
20,26,62,30,21,5701,127036,330
20,27,163,57,32,3560,107952,206
20,28,143,70,13,6109,132984,354
21,1,159,48,31,4778,110229,277
21,2,134,50,25,3594,124535,208
21,3,126,54,22,4461,134805,259
21,4,140,54,30,5590,127133,324
21,5,58,63,21,6391,113657,370
21,6,95,75,26,4176,103793,242
21,7,73,73,22,7650,93210,443
21,8,102,55,23,3008,135033,175
21,9,168,32,18,3414,88684,198
21,10,108,51,13,6600,124462,382
21,11,84,54,25,4420,110223,256
21,12,152,30,17,5002,128030,290
21,13,75,39,30,6450,97829,374
21,14,68,56,22,3124,110564,181
21,15,140,83,24,5643,128660,327
21,16,80,63,15,5200,105476,301
21,17,100,51,20,3303,136830,192
21,18,142,51,23,2813,124712,163
21,19,102,40,27,3977,123523,231
21,20,107,57,30,5612,138940,325
21,21,53,50,18,3072,113036,178
21,22,151,26,16,5927,137722,343
21,23,131,57,29,6984,120474,404
21,24,97,34,20,3752,103826,218
21,25,120,51,25,5718,130218,331
21,26,62,30,21,5695,126909,330
21,27,163,57,32,3557,107844,206
21,28,143,70,13,6102,132851,354
22,1,159,48,31,4773,110118,277
22,2,134,50,25,3590,124411,208
22,3,125,54,22,4456,134670,258
22,4,140,54,30,5584,127006,324
22,5,58,63,21,6384,113543,370
22,6,95,75,25,4172,103689,242
22,7,73,73,22,7642,93117,443
22,8,102,55,23,3005,134898,174
22,9,168,32,18,3411,88595,198
22,10,108,51,13,6594,124338,382
22,11,84,54,25,4416,110113,256
22,12,151,30,17,4997,127902,290
22,13,75,39,30,6444,97731,373
22,14,68,56,22,3121,110453,181
22,15,139,83,24,5637,128531,327
22,16,80,63,15,5194,105370,301
22,17,100,51,20,3300,136693,191
22,18,142,50,23,2810,124588,163
22,19,102,40,27,3973,123400,230
22,20,107,57,30,5607,138801,325
22,21,53,50,18,3069,112923,178
22,22,150,25,16,5922,137585,343
22,23,131,57,29,6977,120353,404
22,24,97,34,20,3748,103722,217
22,25,120,50,25,5712,130087,331
22,26,62,30,21,5690,126782,330
22,27,163,57,32,3553,107736,206
22,28,143,70,13,6096,132718,353
23,1,159,48,31,4768,110008,276
23,2,134,50,25,3587,124286,208
23,3,125,54,22,4452,134535,258
23,4,140,54,30,5579,126879,323
23,5,58,62,21,6378,113430,369
23,6,95,74,25,4167,103585,242
23,7,73,73,22,7635,93024,442
23,8,102,55,23,3002,134763,174
23,9,168,32,18,3407,88507,198
23,10,108,51,13,6587,124213,382
23,11,84,54,25,4411,110003,256
23,12,151,30,17,4992,127774,289
23,13,74,39,30,6437,97634,373
23,14,68,56,22,3118,110343,181
23,15,139,83,24,5631,128402,326
23,16,80,62,15,5189,105265,301
23,17,99,51,20,3297,136556,191
23,18,142,50,23,2808,124463,163
23,19,102,40,27,3969,123276,230
23,20,107,57,30,5601,138662,325
23,21,53,50,18,3066,112810,178
23,22,150,25,16,5916,137447,343
23,23,131,57,29,6970,120233,404
23,24,97,34,20,3744,103618,217
23,25,120,50,25,5706,129957,331
23,26,62,30,21,5684,126655,329
23,27,162,57,32,3550,107628,206
23,28,143,70,13,6090,132585,353
24,1,159,48,31,4764,109898,276
24,2,134,49,25,3583,124162,208
24,3,125,54,22,4447,134401,258
24,4,140,54,30,5573,126752,323
24,5,58,62,21,6372,113316,369
24,6,95,74,25,4163,103481,241
24,7,73,73,22,7627,92931,442
24,8,102,55,23,2999,134628,174
24,9,168,32,18,3404,88418,197
24,10,108,51,13,6581,124089,381
24,11,84,54,25,4407,109893,255
24,12,151,30,17,4987,127647,289
24,13,74,39,30,6431,97536,372
24,14,68,56,22,3114,110233,181
24,15,139,83,24,5626,128274,326
24,16,80,62,15,5184,105160,300
24,17,99,51,20,3293,136420,191
24,18,142,50,23,2805,124338,163
24,19,102,40,27,3965,123153,230
24,20,107,57,30,5596,138524,324
24,21,53,49,18,3063,112697,178
24,22,150,25,16,5910,137310,342
24,23,131,57,29,6963,120113,403
24,24,97,34,20,3741,103515,217
24,25,120,50,25,5701,129827,330
24,26,61,30,21,5678,126529,329
24,27,162,57,32,3546,107521,206
24,28,143,70,13,6084,132453,352
25,1,158,48,31,4759,109788,276
25,2,133,49,25,3579,124038,208
25,3,125,54,22,4443,134266,257
25,4,140,54,30,5568,126625,323
25,5,58,62,21,6365,113203,369
25,6,95,74,25,4159,103378,241
25,7,73,73,22,7620,92838,441
25,8,102,55,23,2996,134493,174
25,9,168,32,18,3401,88330,197
25,10,108,51,13,6574,123965,381
25,11,84,54,25,4403,109783,255
25,12,151,30,17,4982,127519,289
25,13,74,39,30,6424,97439,372
25,14,68,56,22,3111,110122,180
25,15,139,83,24,5620,128146,326
25,16,80,62,15,5179,105054,300
25,17,99,51,20,3290,136283,191
25,18,142,50,23,2802,124214,163
25,19,102,40,27,3961,123030,230
25,20,107,57,30,5590,138385,324
25,21,53,49,18,3060,112584,177
25,22,150,25,16,5904,137172,342
25,23,131,57,29,6956,119993,403
25,24,97,34,20,3737,103411,217
25,25,120,50,25,5695,129698,330
25,26,61,30,21,5673,126402,329
25,27,162,57,32,3542,107413,205
25,28,143,70,13,6078,132320,352
26,1,158,48,31,4754,109678,276
26,2,133,49,24,3576,123914,207
26,3,125,54,22,4438,134132,257
26,4,140,54,30,5562,126499,322
26,5,58,62,21,6359,113090,368
26,6,95,74,25,4155,103275,241
26,7,72,72,22,7612,92745,441
26,8,102,55,23,2993,134359,174
26,9,167,32,18,3397,88242,197
26,10,107,51,13,6567,123841,380
26,11,83,54,24,4398,109673,255
26,12,151,30,17,4977,127391,288
26,13,74,39,30,6418,97341,372
26,14,68,56,22,3108,110012,180
26,15,139,83,24,5614,128018,325
26,16,80,62,15,5174,104949,300
26,17,99,51,20,3287,136147,191
26,18,142,50,23,2799,124090,162
26,19,102,40,27,3957,122907,229
26,20,107,57,30,5584,138247,324
26,21,53,49,18,3057,112472,177
26,22,150,25,16,5898,137035,342
26,23,131,57,29,6949,119873,402
26,24,96,34,20,3733,103308,216
26,25,119,50,24,5689,129568,330
26,26,61,30,21,5667,126276,328
26,27,162,57,32,3539,107306,205
26,28,143,70,12,6072,132188,352
27,1,158,47,31,4749,109569,275
27,2,133,49,24,3572,123790,207
27,3,125,54,22,4434,133998,257
27,4,140,54,30,5556,126372,322
27,5,58,62,21,6352,112977,368
27,6,94,74,25,4151,103171,241
27,7,72,72,22,7604,92652,440
27,8,102,55,23,2990,134224,173
27,9,167,32,18,3394,88153,197
27,10,107,51,13,6561,123717,380
27,11,83,54,24,4394,109563,255
27,12,151,30,17,4972,127264,288
27,13,74,39,30,6412,97244,371
27,14,68,56,22,3105,109902,180
27,15,139,82,24,5609,127890,325
27,16,80,62,15,5169,104844,299
27,17,99,51,20,3283,136011,190
27,18,141,50,23,2796,123966,162
27,19,102,40,27,3953,122784,229
27,20,106,57,30,5579,138109,323
27,21,53,49,18,3054,112359,177
27,22,150,25,16,5892,136898,341
27,23,130,57,29,6942,119753,402
27,24,96,34,20,3729,103205,216
27,25,119,50,24,5684,129438,329
27,26,61,30,21,5661,126149,328
27,27,162,57,32,3535,107198,205
27,28,142,70,12,6066,132056,351
28,1,158,47,31,4745,109459,275
28,2,133,49,24,3569,123666,207
28,3,125,54,22,4429,133864,257
28,4,139,54,30,5551,126246,322
28,5,58,62,21,6346,112864,368
28,6,94,74,25,4147,103068,240
28,7,72,72,22,7597,92559,440
28,8,102,55,23,2987,134090,173
28,9,167,32,18,3390,88065,197
28,10,107,51,13,6554,123593,380
28,11,83,54,24,4389,109454,254
28,12,151,30,17,4967,127137,288
28,13,74,39,30,6405,97147,371
28,14,68,56,22,3102,109792,180
28,15,139,82,24,5603,127762,325
28,16,80,62,15,5163,104740,299
28,17,99,51,20,3280,135875,190
28,18,141,50,23,2794,123842,162
28,19,102,40,27,3949,122661,229
28,20,106,57,30,5573,137970,323
28,21,53,49,18,3051,112247,177
28,22,150,25,16,5886,136761,341
28,23,130,57,29,6935,119633,402
28,24,96,34,20,3726,103101,216
28,25,119,50,24,5678,129309,329
28,26,61,30,21,5656,126023,328
28,27,162,57,32,3532,107091,205
28,28,142,70,12,6060,131924,351
29,1,158,47,31,4740,109350,275
29,2,133,49,24,3565,123542,207
29,3,125,54,22,4425,133730,256
29,4,139,54,30,5545,126120,321
29,5,58,62,21,6340,112751,367
29,6,94,74,25,4142,102965,240
29,7,72,72,22,7589,92467,440
29,8,102,55,23,2984,133956,173
29,9,167,32,18,3387,87977,196
29,10,107,51,13,6548,123470,379
29,11,83,54,24,4385,109344,254
29,12,150,30,17,4962,127010,288
29,13,74,39,30,6399,97049,371
29,14,68,56,22,3099,109683,180
29,15,138,82,23,5598,127634,324
29,16,80,62,15,5158,104635,299
29,17,99,51,20,3277,135739,190
29,18,141,50,23,2791,123718,162
29,19,102,40,27,3946,122538,229
29,20,106,57,30,5568,137833,323
29,21,53,49,18,3048,112135,177
29,22,149,25,16,5880,136624,341
29,23,130,57,29,6928,119513,401
29,24,96,34,20,3722,102998,216
29,25,119,50,24,5672,129180,329
29,26,61,30,21,5650,125897,327
29,27,161,57,32,3528,106984,205
29,28,142,69,12,6054,131792,351
30,1,158,47,31,4735,109240,274
30,2,133,49,24,3561,123419,207
30,3,125,54,22,4421,133596,256
30,4,139,54,30,5540,125994,321
30,5,57,62,21,6333,112638,367
30,6,94,74,25,4138,102862,240
30,7,72,72,22,7582,92374,439
30,8,102,55,23,2981,133822,173
30,9,167,32,18,3384,87889,196
30,10,107,51,13,6541,123346,379
30,11,83,54,24,4381,109235,254
30,12,150,30,17,4957,126883,287
30,13,74,39,30,6392,96952,370
30,14,68,56,22,3096,109573,180
30,15,138,82,23,5592,127506,324
30,16,79,62,15,5153,104530,299
30,17,99,51,20,3274,135603,190
30,18,141,50,23,2788,123594,162
30,19,102,40,27,3942,122416,228
30,20,106,57,30,5562,137695,322
30,21,53,49,18,3045,112023,177
30,22,149,25,16,5874,136488,340
30,23,130,57,29,6921,119394,401
30,24,96,34,20,3718,102895,216
30,25,119,50,24,5667,129050,328
30,26,61,30,21,5644,125771,327
30,27,161,57,32,3525,106877,204
30,28,142,69,12,6048,131660,350
31,1,157,47,31,4730,109131,274
31,2,133,49,24,3558,123295,206
31,3,124,54,22,4416,133463,256
31,4,139,54,30,5534,125868,321
31,5,57,62,21,6327,112525,366
31,6,94,74,25,4134,102759,240
31,7,72,72,22,7574,92282,439
31,8,101,55,23,2978,133688,173
31,9,167,32,18,3380,87801,196
31,10,107,51,13,6535,123223,379
31,11,83,54,24,4376,109126,254
31,12,150,30,17,4952,126756,287
31,13,74,39,30,6386,96855,370
31,14,67,56,22,3093,109463,179
31,15,138,82,23,5586,127379,324
31,16,79,62,15,5148,104426,298
31,17,99,51,20,3270,135468,190
31,18,141,50,23,2785,123471,162
31,19,101,40,27,3938,122293,228
31,20,106,56,30,5556,137557,322
31,21,53,49,18,3042,111911,176
31,22,149,25,16,5868,136351,340
31,23,130,56,29,6914,119274,400
31,24,96,34,20,3714,102792,215
31,25,119,50,24,5661,128921,328
31,26,61,30,21,5639,125645,327
31,27,161,56,32,3521,106770,204
31,28,142,69,12,6042,131528,350
32,1,157,47,31,4726,109022,274
32,2,133,49,24,3554,123172,206
32,3,124,54,22,4412,133329,256
32,4,139,54,30,5529,125742,320
32,5,57,62,21,6321,112413,366
32,6,94,74,25,4130,102657,239
32,7,72,72,22,7566,92190,438
32,8,101,55,23,2975,133555,173
32,9,166,32,18,3377,87713,196
32,10,107,51,13,6528,123100,378
32,11,83,54,24,4372,109017,253
32,12,150,30,17,4948,126629,287
32,13,74,39,30,6380,96759,370
32,14,67,56,22,3090,109354,179
32,15,138,82,23,5581,127251,323
32,16,79,62,15,5143,104321,298
32,17,99,51,20,3267,135332,189
32,18,141,50,23,2782,123347,161
32,19,101,40,27,3934,122171,228
32,20,106,56,30,5551,137419,322
32,21,53,49,18,3039,111799,176
32,22,149,25,16,5863,136215,340
32,23,130,56,29,6907,119155,400
32,24,96,34,20,3711,102690,215
32,25,119,50,24,5655,128792,328
32,26,61,30,21,5633,125520,326
32,27,161,56,32,3518,106663,204
32,28,142,69,12,6036,131397,350
33,1,157,47,31,4721,108913,274
33,2,132,49,24,3551,123049,206
33,3,124,54,22,4407,133196,255
33,4,139,54,30,5523,125616,320
33,5,57,62,21,6314,112301,366
33,6,94,74,25,4126,102554,239
33,7,72,72,22,7559,92098,438
33,8,101,55,22,2972,133421,172
33,9,166,32,18,3374,87626,196
33,10,107,51,13,6522,122977,378
33,11,83,54,24,4367,108908,253
33,12,150,30,17,4943,126502,286
33,13,74,39,30,6373,96662,369
33,14,67,55,22,3087,109245,179
33,15,138,82,23,5575,127124,323
33,16,79,62,15,5138,104217,298
33,17,98,51,20,3264,135197,189
33,18,141,50,22,2780,123224,161
33,19,101,40,27,3930,122049,228
33,20,106,56,30,5545,137282,321
33,21,53,49,18,3036,111687,176
33,22,149,25,16,5857,136079,339
33,23,130,56,29,6901,119036,400
33,24,96,33,20,3707,102587,215
33,25,119,50,24,5650,128664,327
33,26,61,30,21,5627,125394,326
33,27,161,56,32,3514,106557,204
33,28,142,69,12,6030,131265,349
34,1,157,47,31,4716,108804,273
34,2,132,49,24,3547,122926,206
34,3,124,54,22,4403,133063,255
34,4,139,54,30,5518,125490,320
34,5,57,62,21,6308,112188,365
34,6,94,74,25,4122,102451,239
34,7,72,72,22,7551,92005,437
34,8,101,54,22,2969,133288,172
34,9,166,32,18,3370,87538,195
34,10,107,51,13,6515,122854,377
34,11,83,54,24,4363,108799,253
34,12,150,30,17,4938,126376,286
34,13,74,39,30,6367,96565,369
34,14,67,55,22,3083,109135,179
34,15,138,82,23,5570,126997,323
34,16,79,62,15,5132,104113,297
34,17,98,51,20,3261,135062,189
34,18,140,50,22,2777,123101,161
34,19,101,40,27,3926,121927,228
34,20,106,56,30,5540,137145,321
34,21,53,49,18,3033,111575,176
34,22,149,25,16,5851,135943,339
34,23,129,56,29,6894,118917,399
34,24,96,33,20,3703,102484,215
34,25,119,50,24,5644,128535,327
34,26,61,30,21,5622,125269,326
34,27,161,56,32,3511,106450,204
34,28,141,69,12,6024,131134,349
35,1,157,47,31,4712,108695,273
35,2,132,49,24,3544,122803,205
35,3,124,54,22,4399,132930,255
35,4,139,54,30,5512,125365,319
35,5,57,62,21,6302,112076,365
35,6,94,74,25,4118,102349,239
35,7,72,72,22,7544,91913,437
35,8,101,54,22,2966,133154,172
35,9,166,32,18,3367,87451,195
35,10,107,51,13,6509,122731,377
35,11,83,54,24,4359,108690,253
35,12,149,30,17,4933,126250,286
35,13,74,39,30,6360,96469,368
35,14,67,55,22,3080,109026,179
35,15,138,82,23,5564,126870,322
35,16,79,62,15,5127,104009,297
35,17,98,51,20,3257,134927,189
35,18,140,50,22,2774,122978,161
35,19,101,40,27,3922,121805,227
35,20,106,56,30,5534,137008,321
35,21,53,49,18,3029,111464,176
35,22,149,25,16,5845,135807,339
35,23,129,56,29,6887,118798,399
35,24,96,33,20,3700,102382,215
35,25,118,50,24,5638,128406,327
35,26,61,30,21,5616,125144,325
35,27,160,56,32,3507,106344,203
35,28,141,69,12,6018,131003,349
36,1,157,47,31,4707,108587,273
36,2,132,49,24,3540,122680,205
36,3,124,53,21,4394,132797,255
36,4,138,53,30,5507,125239,319
36,5,57,62,21,6295,111964,365
36,6,94,74,25,4114,102247,238
36,7,72,72,21,7536,91822,436
36,8,101,54,22,2963,133021,172
36,9,166,32,18,3363,87363,195
36,10,106,51,13,6502,122608,377
36,11,83,53,24,4354,108581,252
36,12,149,30,17,4928,126123,286
36,13,74,39,30,6354,96372,368
36,14,67,55,21,3077,108917,178
36,15,137,82,23,5559,126743,322
36,16,79,62,15,5122,103905,297
36,17,98,51,20,3254,134792,189
36,18,140,50,22,2771,122855,161
36,19,101,40,27,3918,121683,227
36,20,105,56,30,5529,136871,320
36,21,53,49,18,3026,111352,176
36,22,148,25,16,5839,135671,338
36,23,129,56,29,6880,118679,398
36,24,95,33,20,3696,102279,214
36,25,118,50,24,5633,128278,326
36,26,61,30,21,5611,125018,325
36,27,160,56,32,3504,106237,203
36,28,141,69,12,6012,130872,348
37,1,156,47,31,4702,108478,272
37,2,132,49,24,3537,122558,205
37,3,124,53,21,4390,132664,254
37,4,138,53,30,5501,125114,319
37,5,57,62,21,6289,111852,364
37,6,94,73,25,4109,102144,238
37,7,72,72,21,7529,91730,436
37,8,101,54,22,2961,132888,172
37,9,166,32,18,3360,87276,195
37,10,106,51,13,6496,122485,376
37,11,83,53,24,4350,108473,252
37,12,149,30,17,4923,125997,285
37,13,73,39,30,6348,96276,368
37,14,67,55,21,3074,108808,178
37,15,137,82,23,5553,126616,322
37,16,79,62,15,5117,103801,297
37,17,98,51,20,3251,134657,189
37,18,140,50,22,2768,122732,161
37,19,101,40,27,3914,121561,227
37,20,105,56,30,5523,136734,320
37,21,52,49,18,3023,111241,175
37,22,148,25,16,5833,135535,338
37,23,129,56,29,6873,118561,398
37,24,95,33,20,3692,102177,214
37,25,118,50,24,5627,128150,326
37,26,61,30,21,5605,124893,325
37,27,160,56,32,3500,106131,203
37,28,141,69,12,6006,130741,348
38,1,156,47,31,4697,108370,272
38,2,132,49,24,3533,122435,205
38,3,124,53,21,4385,132531,254
38,4,138,53,30,5496,124989,318
38,5,57,62,21,6283,111740,364
38,6,93,73,25,4105,102042,238
38,7,72,72,21,7521,91638,436
38,8,101,54,22,2958,132755,172
38,9,165,31,18,3357,87189,195
38,10,106,51,13,6489,122363,376
38,11,83,53,24,4346,108364,252
38,12,149,30,17,4918,125871,285
38,13,73,39,30,6341,96179,367
38,14,67,55,21,3071,108699,178
38,15,137,82,23,5547,126490,321
38,16,79,62,15,5112,103697,296
38,17,98,51,20,3248,134522,188
38,18,140,50,22,2766,122609,160
38,19,101,40,27,3910,121440,227
38,20,105,56,30,5518,136597,320
38,21,52,49,18,3020,111130,175
38,22,148,25,16,5828,135400,338
38,23,129,56,29,6866,118442,398
38,24,95,33,20,3689,102075,214
38,25,118,50,24,5621,128022,326
38,26,61,30,21,5599,124769,324
38,27,160,56,31,3497,106025,203
38,28,141,69,12,6000,130610,348
39,1,156,47,31,4693,108261,272
39,2,132,49,24,3530,122313,205
39,3,123,53,21,4381,132399,254
39,4,138,53,30,5490,124864,318
39,5,57,61,21,6277,111628,364
39,6,93,73,25,4101,101940,238
39,7,72,72,21,7514,91546,435
39,8,101,54,22,2955,132623,171
39,9,165,31,18,3353,87101,194
39,10,106,51,13,6483,122241,375
39,11,82,53,24,4341,108256,252
39,12,149,30,17,4913,125745,285
39,13,73,39,30,6335,96083,367
39,14,67,55,21,3068,108591,178
39,15,137,82,23,5542,126363,321
39,16,79,61,15,5107,103593,296
39,17,98,51,20,3244,134388,188
39,18,140,50,22,2763,122486,160
39,19,101,40,27,3906,121318,226
39,20,105,56,30,5512,136460,319
39,21,52,49,18,3017,111018,175
39,22,148,25,16,5822,135264,337
39,23,129,56,29,6859,118324,397
39,24,95,33,20,3685,101973,214
39,25,118,50,24,5616,127894,325
39,26,61,30,21,5594,124644,324
39,27,160,56,31,3493,105919,203
39,28,141,69,12,5994,130480,347
40,1,156,47,31,4688,108153,272
40,2,131,49,24,3526,122190,204
40,3,123,53,21,4377,132266,254
40,4,138,53,30,5485,124739,318
40,5,57,61,21,6270,111517,363
40,6,93,73,25,4097,101838,237
40,7,71,71,21,7506,91455,435
40,8,101,54,22,2952,132490,171
40,9,165,31,18,3350,87014,194
40,10,106,51,13,6476,122118,375
40,11,82,53,24,4337,108147,251
40,12,149,30,17,4908,125620,284
40,13,73,39,30,6329,95987,367
40,14,67,55,21,3065,108482,178
40,15,137,81,23,5536,126237,321
40,16,79,61,15,5102,103490,296
40,17,98,51,20,3241,134253,188
40,18,140,50,22,2760,122364,160
40,19,101,40,27,3902,121197,226
40,20,105,56,30,5507,136324,319
40,21,52,49,18,3014,110907,175
40,22,148,25,16,5816,135129,337
40,23,129,56,29,6852,118205,397
40,24,95,33,20,3681,101871,213
40,25,118,50,24,5610,127766,325
40,26,61,30,21,5588,124519,324
40,27,160,56,31,3490,105813,202
40,28,141,69,12,5988,130349,347
41,1,156,47,30,4683,108045,271
41,2,131,49,24,3523,122068,204
41,3,123,53,21,4372,132134,253
41,4,138,53,30,5479,124614,317
41,5,57,61,20,6264,111405,363
41,6,93,73,25,4093,101736,237
41,7,71,71,21,7499,91363,434
41,8,100,54,22,2949,132357,171
41,9,165,31,18,3347,86927,194
41,10,106,50,13,6470,121996,375
41,11,82,53,24,4333,108039,251
41,12,149,30,17,4903,125494,284
41,13,73,39,30,6322,95891,366
41,14,67,55,21,3062,108374,178
41,15,137,81,23,5531,126111,320
41,16,79,61,15,5097,103386,295
41,17,98,50,20,3238,134119,188
41,18,139,50,22,2757,122242,160
41,19,100,40,27,3898,121076,226
41,20,105,56,30,5501,136188,319
41,21,52,49,18,3011,110797,175
41,22,148,25,16,5810,134994,337
41,23,129,56,29,6846,118087,396
41,24,95,33,20,3678,101769,213
41,25,118,50,24,5605,127638,325
41,26,60,30,20,5583,124395,323
41,27,159,56,31,3486,105707,202
41,28,140,69,12,5982,130219,347
42,1,156,47,30,4679,107937,271
42,2,131,49,24,3519,121946,204
42,3,123,53,21,4368,132002,253
42,4,138,53,30,5474,124490,317
42,5,57,61,20,6258,111294,362
42,6,93,73,25,4089,101635,237
42,7,71,71,21,7491,91272,434
42,8,100,54,22,2946,132225,171
42,9,165,31,18,3343,86840,194
42,10,106,50,13,6463,121874,374
42,11,82,53,24,4328,107931,251
42,12,148,30,17,4898,125368,284
42,13,73,39,30,6316,95795,366
42,14,67,55,21,3059,108265,177
42,15,137,81,23,5525,125985,320
42,16,79,61,15,5092,103283,295
42,17,98,50,20,3235,133985,188
42,18,139,50,22,2755,122119,160
42,19,100,40,27,3895,120955,226
42,20,105,56,30,5496,136051,318
42,21,52,49,18,3008,110686,175
42,22,148,25,16,5804,134859,336
42,23,128,56,29,6839,117969,396
42,24,95,33,20,3674,101667,213
42,25,118,50,24,5599,127510,324
42,26,60,30,20,5577,124270,323
42,27,159,56,31,3483,105602,202
42,28,140,69,12,5976,130089,346
43,1,156,47,30,4674,107829,271
43,2,131,49,24,3515,121824,204
43,3,123,53,21,4364,131870,253
43,4,137,53,30,5468,124365,317
43,5,57,61,20,6252,111183,362
43,6,93,73,25,4085,101533,237
43,7,71,71,21,7484,91181,433
43,8,100,54,22,2943,132093,171
43,9,165,31,18,3340,86753,194
43,10,106,50,13,6457,121752,374
43,11,82,53,24,4324,107823,251
43,12,148,30,17,4893,125243,284
43,13,73,39,30,6310,95699,365
43,14,67,55,21,3056,108157,177
43,15,136,81,23,5520,125859,320
43,16,78,61,15,5086,103179,295
43,17,98,50,20,3231,133851,187
43,18,139,49,22,2752,121997,160
43,19,100,39,27,3891,120834,226
43,20,105,56,30,5490,135915,318
43,21,52,49,18,3005,110575,174
43,22,147,25,16,5798,134724,336
43,23,128,56,29,6832,117851,396
43,24,95,33,20,3670,101566,213
43,25,117,49,24,5593,127383,324
43,26,60,30,20,5571,124146,323
43,27,159,56,31,3479,105496,202
43,28,140,68,12,5970,129959,346
44,1,155,47,30,4669,107721,271
44,2,131,49,24,3512,121702,204
44,3,123,53,21,4359,131738,253
44,4,137,53,29,5463,124241,316
44,5,57,61,20,6245,111071,362
44,6,93,73,25,4081,101431,237
44,7,71,71,21,7476,91090,433
44,8,100,54,22,2940,131961,171
44,9,164,31,18,3337,86667,193
44,10,106,50,13,6450,121631,374
44,11,82,53,24,4320,107716,250
44,12,148,29,17,4888,125118,283
44,13,73,39,29,6303,95604,365
44,14,67,55,21,3053,108049,177
44,15,136,81,23,5514,125733,319
44,16,78,61,15,5081,103076,294
44,17,97,50,20,3228,133717,187
44,18,139,49,22,2749,121875,160
44,19,100,39,27,3887,120713,225
44,20,105,56,29,5485,135779,318
44,21,52,49,18,3002,110465,174
44,22,147,25,16,5793,134589,336
44,23,128,56,29,6825,117733,395
44,24,95,33,20,3666,101464,213
44,25,117,49,24,5588,127255,324
44,26,60,29,20,5566,124022,322
44,27,159,56,31,3476,105390,202
44,28,140,68,12,5964,129829,345
45,1,155,47,30,4665,107613,270
45,2,131,48,24,3508,121580,203
45,3,123,53,21,4355,131606,252
45,4,137,53,29,5457,124117,316
45,5,57,61,20,6239,110960,361
45,6,93,73,25,4077,101330,236
45,7,71,71,21,7469,90998,433
45,8,100,54,22,2937,131829,170
45,9,164,31,18,3333,86580,193
45,10,105,50,13,6444,121509,373
45,11,82,53,24,4315,107608,250
45,12,148,29,17,4884,124993,283
45,13,73,39,29,6297,95508,365
45,14,67,55,21,3050,107941,177
45,15,136,81,23,5509,125607,319
45,16,78,61,15,5076,102973,294
45,17,97,50,20,3225,133583,187
45,18,139,49,22,2746,121753,159
45,19,100,39,27,3883,120592,225
45,20,105,56,29,5479,135644,317
45,21,52,48,18,2999,110354,174
45,22,147,25,16,5787,134455,335
45,23,128,56,29,6818,117615,395
45,24,95,33,20,3663,101363,212
45,25,117,49,24,5582,127128,323
45,26,60,29,20,5560,123898,322
45,27,159,56,31,3472,105285,201
45,28,140,68,12,5958,129699,345
46,1,155,47,30,4660,107506,270
46,2,131,48,24,3505,121459,203
46,3,123,53,21,4350,131475,252
46,4,137,53,29,5452,123993,316
46,5,57,61,20,6233,110849,361
46,6,93,73,25,4073,101229,236
46,7,71,71,21,7461,90907,432
46,8,100,54,22,2934,131697,170
46,9,164,31,18,3330,86493,193
46,10,105,50,13,6437,121388,373
46,11,82,53,24,4311,107500,250
46,12,148,29,17,4879,124868,283
46,13,73,38,29,6291,95413,364
46,14,66,55,21,3047,107833,177
46,15,136,81,23,5503,125481,319
46,16,78,61,15,5071,102870,294
46,17,97,50,19,3222,133450,187
46,18,139,49,22,2744,121632,159
46,19,100,39,27,3879,120472,225
46,20,104,56,29,5474,135508,317
46,21,52,48,18,2996,110244,174
46,22,147,25,16,5781,134320,335
46,23,128,56,29,6811,117498,395
46,24,95,33,19,3659,101261,212
46,25,117,49,24,5577,127001,323
46,26,60,29,20,5555,123774,322
46,27,159,56,31,3469,105180,201
46,28,140,68,12,5952,129569,345
47,1,155,47,30,4655,107398,270
47,2,131,48,24,3501,121337,203
47,3,122,53,21,4346,131343,252
47,4,137,53,29,5446,123869,316
47,5,56,61,20,6227,110738,361
47,6,93,73,25,4069,101127,236
47,7,71,71,21,7454,90817,432
47,8,100,54,22,2931,131565,170
47,9,164,31,18,3327,86407,193
47,10,105,50,13,6431,121266,373
47,11,82,53,24,4307,107393,250
47,12,148,29,17,4874,124743,282
47,13,73,38,29,6284,95317,364
47,14,66,55,21,3044,107725,177
47,15,136,81,23,5498,125356,319
47,16,78,61,15,5066,102767,294
47,17,97,50,19,3218,133316,187
47,18,139,49,22,2741,121510,159
47,19,100,39,27,3875,120351,225
47,20,104,56,29,5468,135373,317
47,21,52,48,18,2993,110133,174
47,22,147,25,16,5775,134186,335
47,23,128,56,28,6805,117380,394
47,24,94,33,19,3656,101160,212
47,25,117,49,24,5571,126874,323
47,26,60,29,20,5549,123650,321
47,27,159,56,31,3465,105075,201
47,28,140,68,12,5946,129440,344
48,1,155,47,30,4651,107291,270
48,2,130,48,24,3498,121216,203
48,3,122,53,21,4342,131212,252
48,4,137,53,29,5441,123745,315
48,5,56,61,20,6220,110628,360
48,6,93,73,25,4064,101026,236
48,7,71,71,21,7446,90726,431
48,8,100,54,22,2928,131434,170
48,9,164,31,18,3323,86321,193
48,10,105,50,13,6424,121145,372
48,11,82,53,24,4302,107285,249
48,12,148,29,17,4869,124618,282
48,13,73,38,29,6278,95222,364
48,14,66,55,21,3041,107617,176
48,15,136,81,23,5492,125231,318
48,16,78,61,15,5061,102665,293
48,17,97,50,19,3215,133183,186
48,18,139,49,22,2738,121388,159
48,19,100,39,27,3871,120231,224
48,20,104,56,29,5463,135237,317
48,21,52,48,18,2990,110023,173
48,22,147,25,16,5770,134052,334
48,23,128,56,28,6798,117263,394
48,24,94,33,19,3652,101059,212
48,25,117,49,24,5565,126747,322
48,26,60,29,20,5544,123526,321
48,27,158,56,31,3462,104970,201
48,28,139,68,12,5940,129310,344
49,1,155,46,30,4646,107183,269
49,2,130,48,24,3494,121095,203
49,3,122,53,21,4337,131081,251
49,4,137,53,29,5436,123621,315
49,5,56,61,20,6214,110517,360
49,6,92,73,25,4060,100925,235
49,7,71,71,21,7439,90635,431
49,8,100,54,22,2925,131302,170
49,9,164,31,18,3320,86234,193
49,10,105,50,13,6418,121024,372
49,11,82,53,24,4298,107178,249
49,12,147,29,17,4864,124493,282
49,13,73,38,29,6272,95127,363
49,14,66,55,21,3038,107510,176
49,15,136,81,23,5487,125105,318
49,16,78,61,15,5056,102562,293
49,17,97,50,19,3212,133050,186
49,18,138,49,22,2735,121267,159
49,19,100,39,27,3867,120111,224
49,20,104,55,29,5457,135102,316
49,21,52,48,18,2987,109913,173
49,22,147,25,16,5764,133918,334
49,23,128,55,28,6791,117146,393
49,24,94,33,19,3648,100958,212
49,25,117,49,24,5560,126620,322
49,26,60,29,20,5538,123403,321
49,27,158,55,31,3458,104865,201
49,28,139,68,12,5934,129181,344
50,1,154,46,30,4641,107076,269
50,2,130,48,24,3491,120974,202
50,3,122,53,21,4333,130950,251
50,4,136,53,29,5430,123497,315
50,5,56,61,20,6208,110407,360
50,6,92,73,25,4056,100824,235
50,7,71,71,21,7431,90544,430
50,8,100,54,22,2922,131171,170
50,9,163,31,18,3317,86148,192
50,10,105,50,13,6412,120903,371
50,11,82,53,24,4294,107071,249
50,12,147,29,17,4859,124369,282
50,13,73,38,29,6266,95032,363
50,14,66,55,21,3034,107402,176
50,15,136,81,23,5481,124980,318
50,16,78,61,15,5051,102459,293
50,17,97,50,19,3209,132917,186
50,18,138,49,22,2733,121146,159
50,19,100,39,27,3864,119991,224
50,20,104,55,29,5452,134967,316
50,21,52,48,18,2984,109803,173
50,22,146,25,16,5758,133784,334
50,23,127,55,28,6784,117029,393
50,24,94,33,19,3645,100857,211
50,25,117,49,24,5554,126494,322
50,26,60,29,20,5532,123280,321
50,27,158,55,31,3455,104760,200
50,28,139,68,12,5928,129052,343
51,1,154,46,30,4637,106969,269
51,2,130,48,24,3487,120853,202
51,3,122,53,21,4329,130819,251
51,4,136,53,29,5425,123374,314
51,5,56,61,20,6202,110296,359
51,6,92,72,25,4052,100724,235
51,7,71,71,21,7424,90454,430
51,8,99,54,22,2919,131040,169
51,9,163,31,18,3313,86062,192
51,10,105,50,13,6405,120782,371
51,11,81,53,24,4290,106964,249
51,12,147,29,17,4854,124245,281
51,13,72,38,29,6259,94937,363
51,14,66,54,21,3031,107295,176
51,15,135,81,23,5476,124855,317
51,16,78,61,15,5046,102357,292
51,17,97,50,19,3206,132784,186
51,18,138,49,22,2730,121025,158
51,19,99,39,27,3860,119871,224
51,20,104,55,29,5446,134832,316
51,21,52,48,18,2981,109694,173
51,22,146,25,16,5752,133650,333
51,23,127,55,28,6777,116912,393
51,24,94,33,19,3641,100756,211
51,25,117,49,24,5549,126367,321
51,26,60,29,20,5527,123156,320
51,27,158,55,31,3452,104655,200
51,28,139,68,12,5922,128923,343
52,1,154,46,30,4632,106862,268
52,2,130,48,24,3484,120732,202
52,3,122,53,21,4324,130688,251
52,4,136,53,29,5419,123251,314
52,5,56,61,20,6196,110186,359
52,6,92,72,25,4048,100623,235
52,7,71,71,21,7416,90363,430
52,8,99,54,22,2916,130909,169
52,9,163,31,18,3310,85976,192
52,10,105,50,13,6399,120661,371
52,11,81,53,24,4285,106857,248
52,12,147,29,17,4850,124120,281
52,13,72,38,29,6253,94842,362
52,14,66,54,21,3028,107187,176
52,15,135,80,23,5470,124730,317
52,16,78,61,15,5041,102255,292
52,17,97,50,19,3202,132651,186
52,18,138,49,22,2727,120904,158
52,19,99,39,27,3856,119751,224
52,20,104,55,29,5441,134697,315
52,21,52,48,18,2978,109584,173
52,22,146,25,16,5746,133516,333
52,23,127,55,28,6771,116795,392
52,24,94,33,19,3637,100655,211
52,25,116,49,24,5543,126241,321
52,26,60,29,20,5521,123033,320
52,27,158,55,31,3448,104550,200
52,28,139,68,12,5916,128794,343
53,1,154,46,30,4627,106755,268
53,2,130,48,24,3480,120611,202
53,3,122,53,21,4320,130557,250
53,4,136,53,29,5414,123127,314
53,5,56,61,20,6189,110076,359
53,6,92,72,25,4044,100522,234
53,7,71,71,21,7409,90273,429
53,8,99,53,22,2914,130778,169
53,9,163,31,18,3307,85890,192
53,10,105,50,13,6392,120540,370
53,11,81,53,24,4281,106750,248
53,12,147,29,17,4845,123996,281
53,13,72,38,29,6247,94747,362
53,14,66,54,21,3025,107080,175
53,15,135,80,23,5465,124606,317
53,16,78,61,15,5036,102152,292
53,17,97,50,19,3199,132518,186
53,18,138,49,22,2725,120783,158
53,19,99,39,27,3852,119631,223
53,20,104,55,29,5436,134562,315
53,21,52,48,18,2975,109474,173
53,22,146,25,16,5741,133383,333
53,23,127,55,28,6764,116678,392
53,24,94,33,19,3634,100554,211
53,25,116,49,24,5538,126115,321
53,26,60,29,20,5516,122910,320
53,27,158,55,31,3445,104446,200
53,28,139,68,12,5910,128665,342
54,1,154,46,30,4623,106649,268
54,2,130,48,24,3477,120491,202
54,3,122,53,21,4316,130426,250
54,4,136,53,29,5408,123004,313
54,5,56,61,20,6183,109966,358
54,6,92,72,25,4040,100422,234
54,7,70,70,21,7402,90183,429
54,8,99,53,22,2911,130647,169
54,9,163,31,18,3303,85804,192
54,10,105,50,13,6386,120420,370
54,11,81,53,24,4277,106643,248
54,12,147,29,17,4840,123872,280
54,13,72,38,29,6241,94652,361
54,14,66,54,21,3022,106973,175
54,15,135,80,23,5459,124481,316
54,16,78,61,15,5031,102050,292
54,17,96,50,19,3196,132386,185
54,18,138,49,22,2722,120662,158
54,19,99,39,27,3848,119511,223
54,20,104,55,29,5430,134428,315
54,21,52,48,18,2972,109365,172
54,22,146,25,16,5735,133249,332
54,23,127,55,28,6757,116561,391
54,24,94,33,19,3630,100454,210
54,25,116,49,24,5532,125989,321
54,26,60,29,20,5510,122787,319
54,27,157,55,31,3441,104341,200
54,28,139,68,12,5904,128536,342
55,1,154,46,30,4618,106542,268
55,2,130,48,24,3474,120370,201
55,3,121,52,21,4311,130296,250
55,4,136,52,29,5403,122881,313
55,5,56,61,20,6177,109856,358
55,6,92,72,25,4036,100321,234
55,7,70,70,21,7394,90093,428
55,8,99,53,22,2908,130516,169
55,9,163,31,18,3300,85718,191
55,10,104,50,13,6380,120299,370
55,11,81,52,24,4272,106537,248
55,12,147,29,17,4835,123748,280
55,13,72,38,29,6234,94557,361
55,14,66,54,21,3019,106866,175
55,15,135,80,23,5454,124357,316
55,16,78,61,15,5026,101948,291
55,17,96,50,19,3193,132253,185
55,18,138,49,22,2719,120541,158
55,19,99,39,26,3844,119392,223
55,20,104,55,29,5425,134293,314
55,21,52,48,18,2969,109255,172
55,22,146,25,16,5729,133116,332
55,23,127,55,28,6750,116445,391
55,24,94,33,19,3626,100353,210
55,25,116,49,24,5527,125863,320
55,26,60,29,20,5505,122664,319
55,27,157,55,31,3438,104237,199
55,28,138,68,12,5898,128408,342
56,1,154,46,30,4614,106435,267
56,2,129,48,24,3470,120250,201
56,3,121,52,21,4307,130166,250
56,4,136,52,29,5398,122758,313
56,5,56,60,20,6171,109746,357
56,6,92,72,25,4032,100221,234
56,7,70,70,21,7387,90002,428
56,8,99,53,22,2905,130386,169
56,9,162,31,18,3297,85632,191
56,10,104,50,13,6373,120179,369
56,11,81,52,24,4268,106430,247
56,12,146,29,17,4830,123625,280
56,13,72,38,29,6228,94463,361
56,14,66,54,21,3016,106759,175
56,15,135,80,23,5448,124232,316
56,16,77,60,15,5021,101846,291
56,17,96,50,19,3190,132121,185
56,18,137,49,22,2716,120421,158
56,19,99,39,26,3840,119273,223
56,20,103,55,29,5419,134159,314
56,21,52,48,18,2967,109146,172
56,22,145,25,16,5724,132983,332
56,23,127,55,28,6744,116328,391
56,24,94,33,19,3623,100253,210
56,25,116,49,24,5521,125737,320
56,26,60,29,20,5499,122542,319
56,27,157,55,31,3434,104133,199
56,28,138,68,12,5892,128279,341
57,1,153,46,30,4609,106329,267
57,2,129,48,24,3467,120130,201
57,3,121,52,21,4303,130036,249
57,4,136,52,29,5392,122636,312
57,5,56,60,20,6165,109636,357
57,6,92,72,25,4028,100121,233
57,7,70,70,21,7379,89912,427
57,8,99,53,22,2902,130256,168
57,9,162,31,17,3294,85547,191
57,10,104,50,13,6367,120059,369
57,11,81,52,24,4264,106324,247
57,12,146,29,17,4825,123501,280
57,13,72,38,29,6222,94368,360
57,14,66,54,21,3013,106653,175
57,15,135,80,23,5443,124108,315
57,16,77,60,15,5016,101744,291
57,17,96,50,19,3186,131989,185
57,18,137,49,22,2714,120300,157
57,19,99,39,26,3837,119153,222
57,20,103,55,29,5414,134025,314
57,21,51,48,17,2964,109037,172
57,22,145,25,16,5718,132850,331
57,23,127,55,28,6737,116212,390
57,24,93,33,19,3619,100153,210
57,25,116,49,24,5516,125611,320
57,26,60,29,20,5494,122419,318
57,27,157,55,31,3431,104029,199
57,28,138,68,12,5887,128151,341
58,1,153,46,30,4604,106223,267
58,2,129,48,24,3463,120009,201
58,3,121,52,21,4299,129906,249
58,4,135,52,29,5387,122513,312
58,5,56,60,20,6158,109526,357
58,6,92,72,25,4024,100021,233
58,7,70,70,21,7372,89823,427
58,8,99,53,22,2899,130125,168
58,9,162,31,17,3290,85461,191
58,10,104,50,13,6361,119939,368
58,11,81,52,24,4260,106217,247
58,12,146,29,17,4821,123377,279
58,13,72,38,29,6216,94274,360
58,14,66,54,21,3010,106546,175
58,15,134,80,23,5438,123984,315
58,16,77,60,15,5011,101643,290
58,17,96,50,19,3183,131857,185
58,18,137,49,22,2711,120180,157
58,19,99,39,26,3833,119034,222
58,20,103,55,29,5408,133891,313
58,21,51,48,17,2961,108928,172
58,22,145,25,16,5712,132717,331
58,23,126,55,28,6730,116096,390
58,24,93,33,19,3616,100053,210
58,25,116,49,24,5510,125485,319
58,26,59,29,20,5488,122297,318
58,27,157,55,31,3427,103925,199
58,28,138,67,12,5881,128023,341
59,1,153,46,30,4600,106116,267
59,2,129,48,24,3460,119889,201
59,3,121,52,21,4294,129776,249
59,4,135,52,29,5381,122390,312
59,5,56,60,20,6152,109417,356
59,6,92,72,25,4020,99921,233
59,7,70,70,21,7365,89733,427
59,8,99,53,22,2896,129995,168
59,9,162,31,17,3287,85376,191
59,10,104,50,13,6354,119819,368
59,11,81,52,24,4255,106111,247
59,12,146,29,17,4816,123254,279
59,13,72,38,29,6209,94180,360
59,14,66,54,21,3007,106439,174
59,15,134,80,23,5432,123860,315
59,16,77,60,15,5006,101541,290
59,17,96,50,19,3180,131725,184
59,18,137,49,22,2708,120060,157
59,19,99,39,26,3829,118915,222
59,20,103,55,29,5403,133757,313
59,21,51,48,17,2958,108819,172
59,22,145,25,16,5706,132585,331
59,23,126,55,28,6723,115980,389
59,24,93,33,19,3612,99953,209
59,25,116,49,24,5504,125360,319
59,26,59,29,20,5483,122174,318
59,27,157,55,31,3424,103821,199
59,28,138,67,12,5875,127895,340
60,1,153,46,30,4595,106010,266
60,2,129,48,24,3456,119770,200
60,3,121,52,21,4290,129646,249
60,4,135,52,29,5376,122268,311
60,5,56,60,20,6146,109307,356
60,6,91,72,25,4016,99821,233
60,7,70,70,21,7357,89643,426
60,8,99,53,22,2893,129865,168
60,9,162,31,17,3284,85290,190
60,10,104,50,13,6348,119699,368
60,11,81,52,24,4251,106005,246
60,12,146,29,17,4811,123131,279
60,13,72,38,29,6203,94086,359
60,14,66,54,21,3004,106333,174
60,15,134,80,23,5427,123736,314
60,16,77,60,15,5001,101439,290
60,17,96,50,19,3177,131594,184
60,18,137,49,22,2706,119940,157
60,19,99,39,26,3825,118796,222
60,20,103,55,29,5398,133623,313
60,21,51,48,17,2955,108710,171
60,22,145,25,16,5701,132452,330
60,23,126,55,28,6717,115864,389
60,24,93,33,19,3608,99853,209
60,25,115,49,24,5499,125235,319
60,26,59,29,20,5477,122052,317
60,27,156,55,31,3421,103717,198
60,28,138,67,12,5869,127767,340
61,1,153,46,30,4591,105904,266
61,2,129,48,24,3453,119650,200
61,3,121,52,21,4286,129516,248
61,4,135,52,29,5371,122146,311
61,5,56,60,20,6140,109198,356
61,6,91,72,25,4012,99721,233
61,7,70,70,21,7350,89553,426
61,8,98,53,22,2890,129735,168
61,9,162,31,17,3280,85205,190
61,10,104,49,13,6341,119579,367
61,11,81,52,24,4247,105899,246
61,12,146,29,17,4806,123008,279
61,13,72,38,29,6197,93991,359
61,14,66,54,21,3001,106227,174
61,15,134,80,23,5421,123612,314
61,16,77,60,15,4996,101338,289
61,17,96,49,19,3174,131462,184
61,18,137,49,22,2703,119820,157
61,19,98,39,26,3821,118677,222
61,20,103,55,29,5392,133490,312
61,21,51,48,17,2952,108602,171
61,22,145,25,16,5695,132319,330
61,23,126,55,28,6710,115748,389
61,24,93,33,19,3605,99753,209
61,25,115,49,24,5493,125109,318
61,26,59,29,20,5472,121930,317
61,27,156,55,31,3417,103613,198
61,28,138,67,12,5863,127639,340
62,1,153,46,30,4586,105798,266
62,2,129,48,24,3449,119530,200
62,3,121,52,21,4281,129387,248
62,4,135,52,29,5365,122024,311
62,5,56,60,20,6134,109089,355
62,6,91,72,25,4008,99621,232
62,7,70,70,21,7343,89464,425
62,8,98,53,22,2887,129606,168
62,9,162,31,17,3277,85120,190
62,10,104,49,13,6335,119460,367
62,11,81,52,24,4243,105793,246
62,12,146,29,17,4801,122885,278
62,13,72,38,29,6191,93897,359
62,14,65,54,21,2998,106120,174
62,15,134,80,23,5416,123489,314
62,16,77,60,15,4991,101237,289
62,17,96,49,19,3171,131330,184
62,18,137,49,22,2700,119700,157
62,19,98,39,26,3817,118559,221
62,20,103,55,29,5387,133356,312
62,21,51,48,17,2949,108493,171
62,22,145,25,16,5689,132187,330
62,23,126,55,28,6703,115632,388
62,24,93,33,19,3601,99653,209
62,25,115,49,24,5488,124984,318
62,26,59,29,20,5466,121808,317
62,27,156,55,31,3414,103509,198
62,28,137,67,12,5857,127511,339
63,1,152,46,30,4581,105693,266
63,2,128,48,24,3446,119411,200
63,3,120,52,21,4277,129257,248
63,4,135,52,29,5360,121902,311
63,5,56,60,20,6128,108980,355
63,6,91,72,24,4004,99521,232
63,7,70,70,21,7335,89374,425
63,8,98,53,22,2885,129476,167
63,9,161,31,17,3274,85035,190
63,10,104,49,13,6329,119340,367
63,11,80,52,24,4238,105687,246
63,12,145,29,16,4796,122762,278
63,13,72,38,29,6185,93804,358
63,14,65,54,21,2995,106014,174
63,15,134,80,23,5410,123365,313
63,16,77,60,15,4986,101135,289
63,17,96,49,19,3167,131199,184
63,18,136,48,22,2697,119580,157
63,19,98,39,26,3814,118440,221
63,20,103,55,29,5381,133223,312
63,21,51,48,17,2946,108384,171
63,22,144,24,16,5684,132055,329
63,23,126,55,28,6697,115516,388
63,24,93,32,19,3597,99553,209
63,25,115,48,24,5483,124859,318
63,26,59,29,20,5461,121687,316
63,27,156,55,31,3410,103406,198
63,28,137,67,12,5851,127384,339
64,1,152,46,30,4577,105587,265
64,2,128,48,24,3442,119291,200
64,3,120,52,21,4273,129128,248
64,4,135,52,29,5355,121780,310
64,5,56,60,20,6122,108871,355
64,6,91,72,24,4000,99422,232
64,7,70,70,21,7328,89285,424
64,8,98,53,22,2882,129346,167
64,9,161,31,17,3271,84950,190
64,10,103,49,13,6322,119221,366
64,11,80,52,24,4234,105582,245
64,12,145,29,16,4792,122639,278
64,13,72,38,29,6179,93710,358
64,14,65,54,21,2992,105908,174
64,15,134,80,23,5405,123242,313
64,16,77,60,15,4981,101034,289
64,17,95,49,19,3164,131068,184
64,18,136,48,22,2695,119461,156
64,19,98,39,26,3810,118322,221
64,20,103,55,29,5376,133090,311
64,21,51,48,17,2943,108276,171
64,22,144,24,16,5678,131923,329
64,23,126,55,28,6690,115401,387
64,24,93,32,19,3594,99454,208
64,25,115,48,24,5477,124734,317
64,26,59,29,20,5456,121565,316
64,27,156,55,31,3407,103303,198
64,28,137,67,12,5845,127257,339
65,1,152,46,30,4572,105481,265
65,2,128,48,24,3439,119172,199
65,3,120,52,21,4269,128999,247
65,4,134,52,29,5349,121658,310
65,5,55,60,20,6115,108762,354
65,6,91,71,24,3996,99323,232
65,7,70,70,21,7321,89196,424
65,8,98,53,22,2879,129217,167
65,9,161,31,17,3267,84865,189
65,10,103,49,13,6316,119102,366
65,11,80,52,24,4230,105476,245
65,12,145,29,16,4787,122516,277
65,13,71,38,29,6172,93616,358
65,14,65,54,21,2989,105802,173
65,15,134,79,23,5400,123119,313
65,16,77,60,15,4976,100933,288
65,17,95,49,19,3161,130937,183
65,18,136,48,22,2692,119341,156
65,19,98,39,26,3806,118203,221
65,20,102,55,29,5371,132956,311
65,21,51,48,17,2940,108168,171
65,22,144,24,16,5672,131791,329
65,23,126,55,28,6683,115285,387
65,24,93,32,19,3590,99354,208
65,25,115,48,24,5472,124610,317
65,26,59,29,20,5450,121443,316
65,27,156,55,31,3404,103199,197
65,28,137,67,12,5840,127129,338
66,1,152,46,30,4568,105376,265
66,2,128,47,24,3436,119053,199
66,3,120,52,21,4264,128870,247
66,4,134,52,29,5344,121536,310
66,5,55,60,20,6109,108653,354
66,6,91,71,24,3992,99223,231
66,7,70,70,21,7313,89106,424
66,8,98,53,22,2876,129088,167
66,9,161,31,17,3264,84780,189
66,10,103,49,13,6310,118983,366
66,11,80,52,24,4226,105371,245
66,12,145,29,16,4782,122394,277
66,13,71,38,29,6166,93522,357
66,14,65,54,21,2986,105697,173
66,15,133,79,23,5394,122996,313
66,16,77,60,15,4971,100832,288
66,17,95,49,19,3158,130806,183
66,18,136,48,22,2689,119222,156
66,19,98,39,26,3802,118085,220
66,20,102,55,29,5365,132823,311
66,21,51,47,17,2937,108060,170
66,22,144,24,16,5667,131659,328
66,23,125,55,28,6676,115170,387
66,24,93,32,19,3587,99255,208
66,25,115,48,24,5466,124485,317
66,26,59,29,20,5445,121322,315
66,27,156,55,31,3400,103096,197
66,28,137,67,12,5834,127002,338
67,1,152,46,30,4563,105270,264
67,2,128,47,24,3432,118934,199
67,3,120,52,21,4260,128741,247
67,4,134,52,29,5339,121415,309
67,5,55,60,20,6103,108545,354
67,6,91,71,24,3988,99124,231
67,7,70,70,21,7306,89017,423
67,8,98,53,22,2873,128959,167
67,9,161,31,17,3261,84695,189
67,10,103,49,13,6304,118864,365
67,11,80,52,24,4221,105265,245
67,12,145,29,16,4777,122272,277
67,13,71,38,29,6160,93429,357
67,14,65,54,21,2983,105591,173
67,15,133,79,23,5389,122873,312
67,16,77,60,15,4966,100731,288
67,17,95,49,19,3155,130675,183
67,18,136,48,22,2687,119103,156
67,19,98,39,26,3798,117967,220
67,20,102,54,29,5360,132691,311
67,21,51,47,17,2934,107952,170
67,22,144,24,16,5661,131528,328
67,23,125,54,28,6670,115055,386
67,24,93,32,19,3583,99156,208
67,25,115,48,24,5461,124360,316
67,26,59,29,20,5439,121201,315
67,27,155,54,31,3397,102993,197
67,28,137,67,12,5828,126875,338
68,1,152,46,30,4559,105165,264
68,2,128,47,23,3429,118815,199
68,3,120,52,21,4256,128612,247
68,4,134,52,29,5333,121293,309
68,5,55,60,20,6097,108436,353
68,6,91,71,24,3984,99025,231
68,7,69,69,21,7299,88928,423
68,8,98,53,22,2870,128830,167
68,9,161,31,17,3257,84610,189
68,10,103,49,13,6297,118745,365
68,11,80,52,23,4217,105160,244
68,12,145,29,16,4773,122149,277
68,13,71,38,29,6154,93336,356
68,14,65,54,21,2980,105485,173
68,15,133,79,23,5383,122750,312
68,16,77,60,15,4961,100631,287
68,17,95,49,19,3152,130544,183
68,18,136,48,22,2684,118984,156
68,19,98,39,26,3795,117849,220
68,20,102,54,29,5355,132558,310
68,21,51,47,17,2931,107844,170
68,22,144,24,16,5655,131396,328
68,23,125,54,28,6663,114940,386
68,24,92,32,19,3580,99057,208
68,25,115,48,23,5455,124236,316
68,26,59,29,20,5434,121079,315
68,27,155,54,31,3393,102890,197
68,28,137,67,12,5822,126748,337
69,1,152,46,30,4554,105060,264
69,2,128,47,23,3425,118696,199
69,3,120,52,21,4251,128484,246
69,4,134,52,29,5328,121172,309
69,5,55,60,20,6091,108328,353
69,6,91,71,24,3980,98926,231
69,7,69,69,21,7291,88839,422
69,8,98,53,22,2867,128701,166
69,9,160,31,17,3254,84526,189
69,10,103,49,13,6291,118626,364
69,11,80,52,23,4213,105055,244
69,12,144,29,16,4768,122027,276
69,13,71,38,29,6148,93242,356
69,14,65,54,21,2977,105380,173
69,15,133,79,23,5378,122627,312
69,16,76,60,15,4956,100530,287
69,17,95,49,19,3148,130414,183
69,18,136,48,22,2681,118865,156
69,19,98,38,26,3791,117731,220
69,20,102,54,29,5349,132425,310
69,21,51,47,17,2928,107736,170
69,22,144,24,16,5650,131265,327
69,23,125,54,28,6656,114825,386
69,24,92,32,19,3576,98958,207
69,25,114,48,23,5450,124112,316
69,26,59,29,20,5428,120958,315
69,27,155,54,31,3390,102787,197
69,28,137,67,12,5816,126622,337
70,1,151,46,30,4549,104955,264
70,2,128,47,23,3422,118577,198
70,3,120,52,21,4247,128355,246
70,4,134,52,29,5323,121051,308
70,5,55,60,20,6085,108219,352
70,6,91,71,24,3976,98827,230
70,7,69,69,21,7284,88751,422
70,8,98,53,22,2864,128572,166
70,9,160,31,17,3251,84441,189
70,10,103,49,13,6285,118507,364
70,11,80,52,23,4209,104950,244
70,12,144,29,16,4763,121905,276
70,13,71,38,29,6142,93149,356
70,14,65,53,21,2974,105274,173
70,15,133,79,23,5373,122504,311
70,16,76,60,15,4951,100430,287
70,17,95,49,19,3145,130284,182
70,18,136,48,22,2679,118746,155
70,19,98,38,26,3787,117614,220
70,20,102,54,29,5344,132293,310
70,21,51,47,17,2925,107628,170
70,22,143,24,16,5644,131133,327
70,23,125,54,28,6650,114710,385
70,24,92,32,19,3572,98859,207
70,25,114,48,23,5444,123988,315
70,26,59,29,20,5423,120837,314
70,27,155,54,31,3387,102684,196
70,28,136,67,12,5811,126495,337
71,1,151,45,30,4545,104850,263
71,2,127,47,23,3418,118459,198
71,3,120,52,21,4243,128227,246
71,4,134,52,29,5317,120930,308
71,5,55,60,20,6079,108111,352
71,6,90,71,24,3972,98728,230
71,7,69,69,21,7277,88662,421
71,8,97,53,22,2862,128444,166
71,9,160,30,17,3248,84357,188
71,10,103,49,13,6278,118389,364
71,11,80,52,23,4205,104845,244
71,12,144,29,16,4758,121783,276
71,13,71,38,29,6135,93056,355
71,14,65,53,21,2971,105169,172
71,15,133,79,23,5367,122382,311
71,16,76,60,15,4946,100329,287
71,17,95,49,19,3142,130153,182
71,18,135,48,22,2676,118627,155
71,19,97,38,26,3783,117496,219
71,20,102,54,29,5339,132161,309
71,21,51,47,17,2922,107520,170
71,22,143,24,15,5638,131002,327
71,23,125,54,28,6643,114595,385
71,24,92,32,19,3569,98760,207
71,25,114,48,23,5439,123864,315
71,26,59,29,20,5417,120716,314
71,27,155,54,30,3383,102582,196
71,28,136,67,12,5805,126368,336
72,1,151,45,30,4540,104745,263
72,2,127,47,23,3415,118340,198
72,3,119,52,21,4239,128099,246
72,4,133,52,29,5312,120809,308
72,5,55,60,20,6073,108003,352
72,6,90,71,24,3968,98629,230
72,7,69,69,21,7270,88573,421
72,8,97,52,22,2859,128315,166
72,9,160,30,17,3244,84273,188
72,10,103,49,13,6272,118271,363
72,11,80,52,23,4200,104740,243
72,12,144,29,16,4753,121661,275
72,13,71,37,29,6129,92963,355
72,14,65,53,21,2968,105064,172
72,15,133,79,23,5362,122259,311
72,16,76,60,15,4941,100229,286
72,17,95,49,19,3139,130023,182
72,18,135,48,22,2673,118508,155
72,19,97,38,26,3779,117378,219
72,20,102,54,29,5333,132029,309
72,21,51,47,17,2919,107413,169
72,22,143,24,15,5633,130871,326
72,23,125,54,28,6637,114481,384
72,24,92,32,19,3565,98661,207
72,25,114,48,23,5433,123740,315
72,26,59,29,20,5412,120596,314
72,27,155,54,30,3380,102479,196
72,28,136,67,12,5799,126242,336
73,1,151,45,30,4536,104640,263
73,2,127,47,23,3412,118222,198
73,3,119,52,21,4234,127971,245
73,4,133,52,29,5307,120688,307
73,5,55,59,20,6067,107895,351
73,6,90,71,24,3964,98531,230
73,7,69,69,21,7262,88485,421
73,8,97,52,22,2856,128187,166
73,9,160,30,17,3241,84188,188
73,10,103,49,13,6266,118152,363
73,11,80,52,23,4196,104635,243
73,12,144,29,16,4749,121540,275
73,13,71,37,29,6123,92870,355
73,14,65,53,21,2965,104959,172
73,15,132,79,22,5357,122137,310
73,16,76,59,15,4936,100129,286
73,17,95,49,19,3136,129893,182
73,18,135,48,22,2671,118390,155
73,19,97,38,26,3776,117261,219
73,20,102,54,29,5328,131896,309
73,21,51,47,17,2916,107305,169
73,22,143,24,15,5627,130740,326
73,23,125,54,28,6630,114366,384
73,24,92,32,19,3562,98562,207
73,25,114,48,23,5428,123616,314
73,26,59,29,20,5407,120475,313
73,27,154,54,30,3376,102377,196
73,28,136,66,12,5793,126116,336
74,1,151,45,30,4531,104536,263
74,2,127,47,23,3408,118104,198
74,3,119,51,21,4230,127843,245
74,4,133,51,29,5301,120567,307
74,5,55,59,20,6061,107787,351
74,6,90,71,24,3960,98432,230
74,7,69,69,21,7255,88396,420
74,8,97,52,22,2853,128059,166
74,9,160,30,17,3238,84104,188
74,10,102,49,13,6260,118034,363
74,11,80,51,23,4192,104531,243
74,12,144,29,16,4744,121418,275
74,13,71,37,29,6117,92777,354
74,14,65,53,21,2963,104854,172
74,15,132,79,22,5351,122015,310
74,16,76,59,15,4931,100028,286
74,17,95,49,19,3133,129763,182
74,18,135,48,22,2668,118271,155
74,19,97,38,26,3772,117144,219
74,20,102,54,29,5323,131765,308
74,21,51,47,17,2914,107198,169
74,22,143,24,15,5621,130610,326
74,23,124,54,28,6623,114252,384
74,24,92,32,19,3558,98464,206
74,25,114,48,23,5423,123493,314
74,26,59,29,20,5401,120355,313
74,27,154,54,30,3373,102274,196
74,28,136,66,12,5787,125990,335
75,1,151,45,29,4527,104431,262
75,2,127,47,23,3405,117985,197
75,3,119,51,21,4226,127715,245
75,4,133,51,29,5296,120447,307
75,5,55,59,20,6055,107679,351
75,6,90,71,24,3956,98334,229
75,7,69,69,21,7248,88308,420
75,8,97,52,22,2850,127931,165
75,9,159,30,17,3235,84020,188
75,10,102,49,13,6253,117916,362
75,11,80,51,23,4188,104426,243
75,12,144,29,16,4739,121297,275
75,13,71,37,29,6111,92684,354
75,14,65,53,21,2960,104749,172
75,15,132,79,22,5346,121893,310
75,16,76,59,15,4926,99928,285
75,17,94,49,19,3130,129633,182
75,18,135,48,22,2665,118153,155
75,19,97,38,26,3768,117027,218
75,20,101,54,29,5317,131633,308
75,21,51,47,17,2911,107091,169
75,22,143,24,15,5616,130479,325
75,23,124,54,28,6617,114138,383
75,24,92,32,19,3555,98365,206
75,25,114,48,23,5417,123369,314
75,26,58,29,20,5396,120234,313
75,27,154,54,30,3370,102172,195
75,28,136,66,12,5782,125864,335
76,1,151,45,29,4522,104327,262
76,2,127,47,23,3401,117868,197
76,3,119,51,21,4222,127587,245
76,4,133,51,29,5291,120326,307
76,5,55,59,20,6049,107572,350
76,6,90,71,24,3952,98235,229
76,7,69,69,21,7241,88219,419
76,8,97,52,22,2847,127803,165
76,9,159,30,17,3231,83936,187
76,10,102,49,13,6247,117798,362
76,11,79,51,23,4184,104322,242
76,12,143,29,16,4734,121175,274
76,13,71,37,29,6105,92591,354
76,14,65,53,21,2957,104644,172
76,15,132,79,22,5341,121771,309
76,16,76,59,15,4921,99828,285
76,17,94,49,19,3126,129504,181
76,18,135,48,22,2663,118035,155
76,19,97,38,26,3764,116910,218
76,20,101,54,29,5312,131501,308
76,21,51,47,17,2908,106984,169
76,22,143,24,15,5610,130349,325
76,23,124,54,28,6610,114024,383
76,24,92,32,19,3551,98267,206
76,25,114,48,23,5412,123246,314
76,26,58,29,20,5390,120114,312
76,27,154,54,30,3366,102070,195
76,28,136,66,12,5776,125738,335
77,1,150,45,29,4518,104222,262
77,2,127,47,23,3398,117750,197
77,3,119,51,21,4218,127459,244
77,4,133,51,29,5285,120206,306
77,5,55,59,20,6042,107464,350
77,6,90,71,24,3948,98137,229
77,7,69,69,21,7233,88131,419
77,8,97,52,22,2844,127675,165
77,9,159,30,17,3228,83852,187
77,10,102,49,13,6241,117680,362
77,11,79,51,23,4179,104217,242
77,12,143,29,16,4730,121054,274
77,13,71,37,29,6099,92499,353
77,14,64,53,21,2954,104540,171
77,15,132,78,22,5335,121649,309
77,16,76,59,15,4916,99729,285
77,17,94,49,19,3123,129374,181
77,18,135,48,22,2660,117917,154
77,19,97,38,26,3761,116793,218
77,20,101,54,29,5307,131370,307
77,21,50,47,17,2905,106877,169
77,22,142,24,15,5605,130218,325
77,23,124,54,28,6603,113910,382
77,24,92,32,19,3547,98169,206
77,25,114,48,23,5406,123122,313
77,26,58,29,20,5385,119994,312
77,27,154,54,30,3363,101968,195
77,28,135,66,12,5770,125612,334
78,1,150,45,29,4513,104118,262
78,2,127,47,23,3395,117632,197
78,3,119,51,21,4213,127332,244
78,4,133,51,29,5280,120086,306
78,5,55,59,20,6036,107357,350
78,6,90,71,24,3944,98039,229
78,7,69,69,21,7226,88043,419
78,8,97,52,22,2842,127547,165
78,9,159,30,17,3225,83768,187
78,10,102,49,13,6235,117563,361
78,11,79,51,23,4175,104113,242
78,12,143,29,16,4725,120933,274
78,13,71,37,29,6093,92406,353
78,14,64,53,21,2951,104435,171
78,15,132,78,22,5330,121528,309
78,16,76,59,15,4911,99629,285
78,17,94,49,19,3120,129245,181
78,18,134,48,22,2657,117799,154
78,19,97,38,26,3757,116676,218
78,20,101,54,29,5301,131238,307
78,21,50,47,17,2902,106770,168
78,22,142,24,15,5599,130088,324
78,23,124,54,28,6597,113796,382
78,24,92,32,19,3544,98071,205
78,25,113,48,23,5401,122999,313
78,26,58,29,20,5380,119874,312
78,27,154,54,30,3360,101866,195
78,28,135,66,12,5764,125487,334
79,1,150,45,29,4509,104014,261
79,2,126,47,23,3391,117514,197
79,3,119,51,21,4209,127205,244
79,4,133,51,28,5275,119966,306
79,5,55,59,20,6030,107249,349
79,6,90,70,24,3940,97941,228
79,7,69,69,21,7219,87955,418
79,8,97,52,21,2839,127420,165
79,9,159,30,17,3222,83684,187
79,10,102,49,13,6228,117445,361
79,11,79,51,23,4171,104009,242
79,12,143,28,16,4720,120812,274
79,13,70,37,28,6086,92314,353
79,14,64,53,21,2948,104331,171
79,15,132,78,22,5325,121406,309
79,16,76,59,14,4907,99529,284
79,17,94,49,19,3117,129116,181
79,18,134,48,21,2655,117681,154
79,19,97,38,26,3753,116559,218
79,20,101,54,28,5296,131107,307
79,21,50,47,17,2899,106663,168
79,22,142,24,15,5593,129958,324
79,23,124,54,28,6590,113682,382
79,24,91,32,19,3540,97973,205
79,25,113,48,23,5395,122876,313
79,26,58,28,20,5374,119754,311
79,27,154,54,30,3356,101764,195
79,28,135,66,12,5758,125361,334
80,1,150,45,29,4504,103910,261
80,2,126,47,23,3388,117397,196
80,3,118,51,21,4205,127077,244
80,4,132,51,28,5270,119846,305
80,5,55,59,20,6024,107142,349
80,6,90,70,24,3936,97843,228
80,7,69,69,21,7212,87867,418
80,8,97,52,21,2836,127292,165
80,9,159,30,17,3219,83601,187
80,10,102,49,13,6222,117328,360
80,11,79,51,23,4167,103905,242
80,12,143,28,16,4716,120692,273
80,13,70,37,28,6080,92222,352
80,14,64,53,21,2945,104226,171
80,15,132,78,22,5319,121285,308
80,16,76,59,14,4902,99430,284
80,17,94,49,19,3114,128987,181
80,18,134,48,21,2652,117564,154
80,19,97,38,26,3749,116443,217
80,20,101,54,28,5291,130976,307
80,21,50,47,17,2896,106557,168
80,22,142,24,15,5588,129828,324
80,23,124,54,28,6584,113568,381
80,24,91,32,19,3537,97875,205
80,25,113,48,23,5390,122753,312
80,26,58,28,20,5369,119634,311
80,27,153,54,30,3353,101662,194
80,28,135,66,12,5753,125236,333
81,1,150,45,29,4500,103806,261
81,2,126,47,23,3384,117279,196
81,3,118,51,21,4201,126950,243
81,4,132,51,28,5264,119726,305
81,5,55,59,20,6018,107035,349
81,6,90,70,24,3932,97745,228
81,7,69,69,21,7204,87779,417
81,8,97,52,21,2833,127165,164
81,9,158,30,17,3215,83517,186
81,10,102,49,13,6216,117210,360
81,11,79,51,23,4163,103801,241
81,12,143,28,16,4711,120571,273
81,13,70,37,28,6074,92129,352
81,14,64,53,21,2942,104122,171
81,15,131,78,22,5314,121163,308
81,16,76,59,14,4897,99330,284
81,17,94,49,19,3111,128858,180
81,18,134,48,21,2649,117446,154
81,19,97,38,26,3746,116326,217
81,20,101,54,28,5285,130845,306
81,21,50,47,17,2893,106450,168
81,22,142,24,15,5582,129698,323
81,23,124,54,28,6577,113455,381
81,24,91,32,19,3533,97777,205
81,25,113,48,23,5385,122631,312
81,26,58,28,20,5364,119515,311
81,27,153,54,30,3350,101560,194
81,28,135,66,12,5747,125110,333
82,1,150,45,29,4495,103702,261
82,2,126,47,23,3381,117162,196
82,3,118,51,21,4197,126823,243
82,4,132,51,28,5259,119606,305
82,5,55,59,20,6012,106928,348
82,6,89,70,24,3929,97647,228
82,7,69,69,21,7197,87691,417
82,8,96,52,21,2830,127038,164
82,9,158,30,17,3212,83434,186
82,10,102,48,13,6210,117093,360
82,11,79,51,23,4159,103697,241
82,12,143,28,16,4706,120450,273
82,13,70,37,28,6068,92037,352
82,14,64,53,21,2939,104018,170
82,15,131,78,22,5309,121042,308
82,16,75,59,14,4892,99231,283
82,17,94,48,19,3108,128729,180
82,18,134,48,21,2647,117329,154
82,19,96,38,26,3742,116210,217
82,20,101,54,28,5280,130714,306
82,21,50,47,17,2890,106344,168
82,22,142,24,15,5577,129568,323
82,23,123,54,28,6570,113341,381
82,24,91,32,19,3530,97679,205
82,25,113,48,23,5379,122508,312
82,26,58,28,20,5358,119395,310
82,27,153,54,30,3346,101459,194
82,28,135,66,12,5741,124985,333
83,1,149,45,29,4491,103599,260
83,2,126,47,23,3378,117045,196
83,3,118,51,21,4192,126697,243
83,4,132,51,28,5254,119487,304
83,5,55,59,20,6006,106821,348
83,6,89,70,24,3925,97550,228
83,7,68,68,21,7190,87604,416
83,8,96,52,21,2827,126911,164
83,9,158,30,17,3209,83350,186
83,10,102,48,13,6203,116976,359
83,11,79,51,23,4154,103593,241
83,12,142,28,16,4701,120330,272
83,13,70,37,28,6062,91945,351
83,14,64,53,21,2936,103914,170
83,15,131,78,22,5303,120921,307
83,16,75,59,14,4887,99132,283
83,17,94,48,19,3105,128600,180
83,18,134,48,21,2644,117211,153
83,19,96,38,26,3738,116094,217
83,20,101,54,28,5275,130583,306
83,21,50,47,17,2887,106237,168
83,22,142,24,15,5571,129439,323
83,23,123,54,28,6564,113228,380
83,24,91,32,19,3526,97581,204
83,25,113,48,23,5374,122386,311
83,26,58,28,20,5353,119276,310
83,27,153,54,30,3343,101357,194
83,28,135,66,12,5735,124860,332
84,1,149,45,29,4486,103495,260
84,2,126,47,23,3374,116928,196
84,3,118,51,21,4188,126570,243
84,4,132,51,28,5248,119367,304
84,5,54,59,20,6000,106714,348
84,6,89,70,24,3921,97452,227
84,7,68,68,21,7183,87516,416
84,8,96,52,21,2825,126784,164
84,9,158,30,17,3206,83267,186
84,10,101,48,13,6197,116859,359
84,11,79,51,23,4150,103490,241
84,12,142,28,16,4697,120209,272
84,13,70,37,28,6056,91853,351
84,14,64,53,21,2933,103810,170
84,15,131,78,22,5298,120800,307
84,16,75,59,14,4882,99033,283
84,17,94,48,19,3101,128471,180
84,18,134,47,21,2641,117094,153
84,19,96,38,26,3734,115978,217
84,20,101,54,28,5270,130453,305
84,21,50,47,17,2885,106131,167
84,22,141,24,15,5565,129309,322
84,23,123,54,27,6557,113115,380
84,24,91,32,19,3523,97484,204
84,25,113,47,23,5369,122263,311
84,26,58,28,20,5347,119157,310
84,27,153,54,30,3339,101256,194
84,28,135,66,12,5730,124735,332
85,1,149,45,29,4482,103392,260
85,2,126,47,23,3371,116811,195
85,3,118,51,20,4184,126443,243
85,4,132,51,28,5243,119248,304
85,5,54,59,20,5994,106607,347
85,6,89,70,24,3917,97355,227
85,7,68,68,20,7176,87429,416
85,8,96,52,21,2822,126657,164
85,9,158,30,17,3203,83184,186
85,10,101,48,13,6191,116742,359
85,11,79,51,23,4146,103386,240
85,12,142,28,16,4692,120089,272
85,13,70,37,28,6050,91761,350
85,14,64,53,20,2930,103706,170
85,15,131,78,22,5293,120680,307
85,16,75,59,14,4877,98934,283
85,17,94,48,19,3098,128343,180
85,18,134,47,21,2639,116977,153
85,19,96,38,26,3731,115862,216
85,20,100,54,28,5264,130322,305
85,21,50,47,17,2882,106025,167
85,22,141,24,15,5560,129180,322
85,23,123,54,27,6551,113001,379
85,24,91,32,19,3519,97386,204
85,25,113,47,23,5363,122141,311
85,26,58,28,20,5342,119037,310
85,27,153,54,30,3336,101155,193
85,28,134,66,12,5724,124611,332
86,1,149,45,29,4477,103288,259
86,2,126,47,23,3367,116694,195
86,3,118,51,20,4180,126317,242
86,4,132,51,28,5238,119128,303
86,5,54,59,20,5988,106501,347
86,6,89,70,24,3913,97257,227
86,7,68,68,20,7168,87341,415
86,8,96,52,21,2819,126531,164
86,9,158,30,17,3199,83100,186
86,10,101,48,13,6185,116626,358
86,11,79,51,23,4142,103283,240
86,12,142,28,16,4687,119969,272
86,13,70,37,28,6044,91670,350
86,14,64,53,20,2927,103603,170
86,15,131,78,22,5287,120559,306
86,16,75,59,14,4872,98835,282
86,17,93,48,19,3095,128215,180
86,18,133,47,21,2636,116860,153
86,19,96,38,26,3727,115746,216
86,20,100,53,28,5259,130192,305
86,21,50,47,17,2879,105919,167
86,22,141,24,15,5554,129051,322
86,23,123,53,27,6544,112888,379
86,24,91,32,19,3516,97289,204
86,25,113,47,23,5358,122019,310
86,26,58,28,20,5337,118918,309
86,27,152,53,30,3333,101054,193
86,28,134,66,12,5718,124486,331
86,1,149,45,29,4473,103185,259
87,2,125,46,23,3364,116577,195
87,3,118,51,20,4176,126191,242
87,4,132,51,28,5233,119009,303
87,5,54,59,20,5982,106394,347
87,6,89,70,24,3909,97160,227
87,7,68,68,20,7161,87254,415
87,8,96,52,21,2816,126404,163
87,9,158,30,17,3196,83017,185
87,10,101,48,13,6179,116509,358
87,11,79,51,23,4138,103180,240
87,12,142,28,16,4683,119849,271
87,13,70,37,28,6038,91578,350
87,14,64,53,20,2924,103499,170
87,15,131,78,22,5282,120438,306
87,16,75,59,14,4867,98736,282
87,17,93,48,19,3092,128086,179
87,18,133,47,21,2633,116743,153
87,19,96,38,26,3723,115630,216
87,20,100,53,28,5254,130062,304
87,21,50,46,17,2876,105813,167
87,22,141,24,15,5549,128922,321
87,23,123,53,27,6538,112776,379
87,24,91,32,19,3512,97191,204
87,25,112,47,23,5352,121897,310
87,26,58,28,20,5331,118799,309
87,27,152,53,30,3329,100953,193
87,28,134,66,12,5713,124362,331
88,1,149,45,29,4468,103082,259
88,2,125,46,23,3361,116461,195
88,3,118,51,20,4171,126064,242
88,4,131,51,28,5228,118890,303
88,5,54,59,20,5976,106288,346
88,6,89,70,24,3905,97063,226
88,7,68,68,20,7154,87167,414
88,8,96,52,21,2813,126278,163
88,9,157,30,17,3193,82934,185
88,10,101,48,13,6172,116392,358
88,11,79,51,23,4134,103077,240
88,12,142,28,16,4678,119729,271
88,13,70,37,28,6032,91486,349
88,14,64,53,20,2921,103396,169
88,15,131,78,22,5277,120318,306
88,16,75,59,14,4863,98637,282
88,17,93,48,19,3089,127958,179
88,18,133,47,21,2631,116626,153
88,19,96,38,26,3719,115514,216
88,20,100,53,28,5249,129932,304
88,21,50,46,17,2873,105707,167
88,22,141,24,15,5543,128793,321
88,23,123,53,27,6531,112663,378
88,24,91,32,19,3509,97094,203
88,25,112,47,23,5347,121775,310
88,26,58,28,20,5326,118681,309
88,27,152,53,30,3326,100852,193
88,28,134,66,12,5707,124237,331
89,1,149,45,29,4464,102979,259
89,2,125,46,23,3357,116344,195
89,3,117,51,20,4167,125938,242
89,4,131,51,28,5222,118771,303
89,5,54,59,20,5970,106182,346
89,6,89,70,24,3901,96966,226
89,7,68,68,20,7147,87079,414
89,8,96,52,21,2810,126151,163
89,9,157,30,17,3190,82851,185
89,10,101,48,13,6166,116276,357
89,11,78,51,23,4130,102973,239
89,12,142,28,16,4673,119610,271
89,13,70,37,28,6026,91395,349
89,14,64,52,20,2918,103292,169
89,15,130,78,22,5272,120198,305
89,16,75,59,14,4858,98538,281
89,17,93,48,19,3086,127830,179
89,18,133,47,21,2628,116510,153
89,19,96,38,26,3716,115399,215
89,20,100,53,28,5243,129802,304
89,21,50,46,17,2870,105601,167
89,22,141,24,15,5538,128664,321
89,23,123,53,27,6525,112550,378
89,24,91,32,19,3505,96997,203
89,25,112,47,23,5342,121653,309
89,26,58,28,20,5321,118562,308
89,27,152,53,30,3323,100751,193
89,28,134,65,12,5701,124113,330
90,1,148,45,29,4459,102876,258
90,2,125,46,23,3354,116228,195
90,3,117,51,20,4163,125812,241
90,4,131,51,28,5217,118653,302
90,5,54,58,20,5964,106075,346
90,6,89,70,24,3897,96869,226
90,7,68,68,20,7140,86992,414
90,8,96,52,21,2808,126025,163
90,9,157,30,17,3187,82768,185
90,10,101,48,13,6160,116160,357
90,11,78,51,23,4125,102871,239
90,12,141,28,16,4669,119490,271
90,13,70,37,28,6020,91304,349
90,14,64,52,20,2915,103189,169
90,15,130,77,22,5266,120077,305
90,16,75,58,14,4853,98440,281
90,17,93,48,19,3083,127702,179
90,18,133,47,21,2626,116393,152
90,19,96,38,26,3712,115283,215
90,20,100,53,28,5238,129672,303
90,21,50,46,17,2867,105496,166
90,22,141,24,15,5532,128535,321
90,23,122,53,27,6518,112438,378
90,24,90,32,19,3502,96900,203
90,25,112,47,23,5336,121531,309
90,26,58,28,20,5315,118443,308
90,27,152,53,30,3319,100650,193
90,28,134,65,12,5695,123989,330
